Id,Diagnosis Source,Latitude,Longitude,Region,Country,Admin1,Locality Name,Locality Quality,Observation Date,Reporting Date,Status,Disease,Serotypes,Species Description,SumAtRisk,SumCases,SumDeaths,SumDestroyed,SumSlaughtered,
208716,OIE,33.30753,-7.53225,Africa,Morocco,Chaouia - Ouardigha,Kbala,Exact,2015-11-11,2015-11-20,Confirmed,Dengue,O,"domestic, cattle, domestic, sheep",71,11,0,71,0,,
208394,OIE,33.198,-8.475328,Africa,Morocco,Doukkala - Abda,Ouled Saad,Exact,2015-11-06,2015-11-11,Confirmed,Dengue,O,"domestic, cattle",12,1,0,12,0,,
208392,OIE,33.14022,-7.58629,Africa,Morocco,Chaouia - Ouardigha,Ouled Maaroufi,Exact,2015-11-04,2015-11-11,Confirmed,Dengue,O,"domestic, cattle, domestic, sheep",55,3,0,55,0,,
208387,OIE,32.689278,-8.413139,Africa,Morocco,Doukkala - Abda,Koudia,Exact,2015-11-01,2015-11-11,Confirmed,Dengue,O,"domestic, cattle, domestic, sheep",24,1,0,24,0,,
208379,OIE,32.426972,-8.379056,Africa,Morocco,Doukkala - Abda,El Khadir,Exact,2015-10-23,2015-11-11,Confirmed,Dengue,O,"domestic, cattle",4,1,0,4,0,,
208093,OIE,32.59,-8.52,Africa,Morocco,Doukkala - Abda,Lammaride ,Exact,2015-10-29,2015-11-02,Confirmed,Dengue,O,"domestic, cattle, domestic, sheep",31,10,0,31,0,,
201939,OIE,33.1864,1.4467,Africa,Algeria,El Bayadh,Ghassoul,Unknown,2015-04-11,2015-04-14,Confirmed,Dengue,O,"domestic, sheep, domestic, cattle",502,4,0,0,,,
201938,OIE,33.6755,1.2382,Africa,Algeria,El Bayadh,Stitten,Unknown,2015-04-09,2015-04-14,Confirmed,Dengue,O,"domestic, sheep, domestic, goat, domestic, cattle",206,10,0,0,0,,
201937,OIE,31.8732,0.6082,Africa,Algeria,El Bayadh,Bnoud,Unknown,2015-04-07,2015-04-14,Confirmed,Dengue,O,"domestic, sheep",2000,20,0,0,0,,
201826,OIE,34.4816,0.504,Africa,Algeria,Saida,Sidi Ahmed,Unknown,2015-03-31,2015-04-06,Confirmed,Dengue,O,"domestic, sheep",60,1,0,0,0,,
201825,OIE,34.468,-0.2031,Africa,Algeria,Sidi Bel Abbes,Marhoum ,Unknown,2015-03-30,2015-04-06,Confirmed,Dengue,O,"domestic, sheep",400,15,0,0,0,,
201557,OIE,33.9834,0.6127,Africa,Algeria,El Bayadh,Cheguig Rogassa,Unknown,2015-03-15,2015-03-20,Confirmed,Dengue,O,"domestic, goat, domestic, sheep, domestic, cattle",423,20,0,0,,,
201556,OIE,33.7776,0.9157,Africa,Algeria,El Bayadh,Toussmouline Bougtoub,Unknown,2015-03-12,2015-03-20,Confirmed,Dengue,O,"domestic, goat, domestic, sheep",385,1,0,0,,,
201555,OIE,33.0687,1.2971,Africa,Algeria,El Bayadh, Rogassa,Unknown,2015-03-12,2015-03-20,Confirmed,Dengue,O,"domestic, goat, domestic, sheep",510,30,0,0,,,
201554,OIE,33.92,0.7487,Africa,Algeria,El Bayadh,El Kheiter Bougtoub,Unknown,2015-03-15,2015-03-20,Confirmed,Dengue,O,"domestic, goat, domestic, sheep",260,15,0,0,,,
201324,OIE,33.1182,0.9147,Africa,Algeria,El Bayadh,El Kaff Lahmar,Unknown,2015-03-06,2015-03-10,Confirmed,Dengue,O,"domestic, sheep, domestic, goat",270,2,0,0,,,
201323,OIE,33.2589,0.9209,Africa,Algeria,El Bayadh,Bougteb,Unknown,2015-03-02,2015-03-10,Confirmed,Dengue,O,"domestic, sheep, domestic, goat",474,40,0,0,,,
201322,OIE,33.6302,6.5955,Africa,Algeria,El Oued,Magrane,Unknown,2015-03-02,2015-03-10,Confirmed,Dengue,O,"domestic, cattle",10,1,0,,,,
195194,OIE,36.842427,10.027295,Africa,Tunisia,Manouba,Chebaw Oued ellil,Unknown,2014-10-13,2014-11-03,Confirmed,Dengue,O,"domestic, goat, domestic, cattle",14,2,0,0,0,,
195193,OIE,36.505872,10.021935,Africa,Tunisia,Zaghouan,Ain zakir bir mchargua,Unknown,2014-09-27,2014-11-03,Confirmed,Dengue,O,"domestic, goat",77,15,0,0,0,,
195192,OIE,36.57878,10.859642,Africa,Tunisia,Nabeul,korba,Unknown,2014-09-07,2014-11-03,Confirmed,Dengue,O,"domestic, cattle",6,1,0,0,0,,
195191,OIE,36.715768,10.159913,Africa,Tunisia,Ben Arous,Mghira Fouchana,Unknown,2014-09-07,2014-11-03,Confirmed,Dengue,O,"domestic, sheep",700,100,0,0,0,,
195190,OIE,36.577471,10.857775,Africa,Tunisia,Nabeul,Korba,Unknown,2014-09-07,2014-11-03,Confirmed,Dengue,O,"domestic, cattle",12,3,0,0,0,,
195189,OIE,36.4651,10.784486,Africa,Tunisia,Nabeul,Beni Khiar,Unknown,2014-08-30,2014-11-03,Confirmed,Dengue,O,"domestic, cattle, domestic, sheep, domestic, goat",17,6,0,0,0,,
195188,OIE,36.579112,10.860015,Africa,Tunisia,Nabeul,korba,Unknown,2014-08-14,2014-11-03,Confirmed,Dengue,O,"domestic, cattle",9,2,0,0,0,,
195187,OIE,35.26591,10.013493,Africa,Tunisia,Kairouan,Ouled farjallah bouhajla,Unknown,2014-08-10,2014-11-03,Confirmed,Dengue,O,"domestic, cattle, domestic, sheep",39,3,0,0,0,,
195186,OIE,35.160656,8.8379,Africa,Tunisia,Kasserine,Ehijat Kasserine sud,Unknown,2014-07-29,2014-11-03,Confirmed,Dengue,O,"domestic, cattle, domestic, sheep",79,2,0,0,0,,
195185,OIE,36.760614,10.019587,Africa,Tunisia,Manouba,elbassatine Mornaguia,Unknown,2014-07-03,2014-11-03,Confirmed,Dengue,O,"domestic, cattle, domestic, goat",6,4,0,0,0,,
193422,OIE,36.1027,2.0766,Africa,Algeria,Ain-Defla,Khmis Meliana,Unknown,2014-09-22,2014-10-15,Confirmed,Dengue,O,"domestic, cattle",45,40,0,45,15,,
193421,OIE,35.5366,4.243,Africa,Algeria,M'Sila,Ghezal,Unknown,2014-09-20,2014-10-15,Confirmed,Dengue,O,"domestic, cattle",15,8,0,0,15,,
193003,OIE,36.548879,9.669495,Africa,Tunisia,Beja, Kacheb Goubellat,Unknown,2014-09-14,2014-10-13,Confirmed,Dengue,O,"domestic, cattle, domestic, goat, domestic, sheep",44,4,0,0,0,,
193002,OIE,36.461102,9.24868,Africa,Tunisia,Beja,Rihana Teboursok,Unknown,2014-09-11,2014-10-13,Confirmed,Dengue,O,"domestic, cattle, domestic, goat, domestic, sheep",625,7,0,0,0,,
193001,OIE,37.060441,10.114671,Africa,Tunisia,Ariana,Kaalat el Andalous,Unknown,2014-09-11,2014-10-13,Confirmed,Dengue,O,"domestic, cattle, domestic, sheep",22,2,0,0,0,,
193000,OIE,36.949472,8.746962,Africa,Tunisia,Jendouba, Ain Sabeh Tabarka,Centroid Admin2,2014-09-08,2014-10-13,Confirmed,Dengue,O,"domestic, cattle",1,1,0,0,0,,
192999,OIE,35.347003,8.625072,Africa,Tunisia,Kasserine,Mziraa Foussana,Centroid Admin2,2014-09-10,2014-10-13,Confirmed,Dengue,O,"domestic, cattle, domestic, sheep",57,1,0,0,0,,
192998,OIE,36.65344,8.604422,Africa,Tunisia,Jendouba,Sidi Ammar Fernana,Centroid Admin2,2014-09-07,2014-10-13,Confirmed,Dengue,O,"domestic, cattle, domestic, sheep",32,32,0,0,0,,
191369,OIE,36.710804,9.88672,Africa,Tunisia,Manouba,Borj Elamri,Centroid Admin2,2014-09-08,2014-09-18,Confirmed,Dengue,O,"domestic, cattle",10,1,0,0,0,,
191368,OIE,37.273705,9.752069,Africa,Tunisia,Bizerte,Bouzaria Bizerte Sud,Centroid Admin2,2014-09-05,2014-09-18,Confirmed,Dengue,O,"domestic, cattle",1,1,0,0,0,,
191367,OIE,36.34544,9.218867,Africa,Tunisia,Siliana,Dokhonia El krib,Centroid Admin2,2014-09-05,2014-09-18,Confirmed,Dengue,O,"domestic, cattle, domestic, sheep",14,4,0,0,0,,
191366,OIE,36.536083,8.690033,Africa,Tunisia,Jendouba,Saftour Jendouba nord,Centroid Admin2,2014-08-30,2014-09-18,Confirmed,Dengue,O,"domestic, cattle",8,8,0,0,0,,
191365,OIE,36.799308,9.839744,Africa,Tunisia,Manouba,Elbattan,Centroid Admin2,2014-08-27,2014-09-18,Confirmed,Dengue,O,"domestic, cattle",7,1,0,0,0,,
191364,OIE,36.656989,10.12186,Africa,Tunisia,Ben Arous,Mhamdia,Centroid Admin2,2014-08-24,2014-09-18,Confirmed,Dengue,O,"domestic, sheep",9,9,0,0,0,,
191363,OIE,36.899716,10.052576,Africa,Tunisia,Ariana,Sidi Thabet,Centroid Admin2,2014-08-23,2014-09-18,Confirmed,Dengue,O,"domestic, cattle",22,1,0,0,0,,
191362,OIE,35.345506,8.626251,Africa,Tunisia,Kasserine,Rtibi Rtibi Foussana,Centroid Admin2,2014-08-23,2014-09-18,Confirmed,Dengue,O,"domestic, cattle",10,4,0,0,0,,
191361,OIE,35.748133,10.700381,Africa,Tunisia,Monastir,Messjad Issa Messjad Issa Sahline,Centroid Admin2,2014-08-22,2014-09-18,Confirmed,Dengue,O,"domestic, cattle, domestic, sheep",175,2,0,0,0,,
191360,OIE,35.363122,10.11546,Africa,Tunisia,Kairouan,Ouled farjallah Ouled farjallah Bouhajla,Centroid Admin2,2014-08-12,2014-09-18,Confirmed,Dengue,O,"domestic, cattle",18,2,0,0,0,,
190963,OIE,35.6091,-0.5883,Africa,Algeria,Oran,Marsa El Kebir,Unknown,2014-08-31,2014-09-08,Confirmed,Dengue,O,"domestic, cattle",13,2,0,0,13,,
190962,OIE,35.6182,-0.6064,Africa,Algeria,Oran,Messerghine,Unknown,2014-08-31,2014-09-08,Confirmed,Dengue,O,"domestic, cattle",163,12,0,163,0,,
190961,OIE,36.5601,4.6328,Africa,Algeria,Bejaia,Souk Oufella,Unknown,2014-08-29,2014-09-08,Confirmed,Dengue,O,"domestic, cattle",4,4,0,0,4,,
190960,OIE,36.5963,4.1342,Africa,Algeria,Tizi Ouzou,Draa Ben Khedda,Unknown,2014-08-28,2014-09-08,Confirmed,Dengue,O,"domestic, cattle",7,7,1,4,2,,
190959,OIE,36.6325,4.1524,Africa,Algeria,Tizi Ouzou,Boudjimi,Unknown,2014-08-28,2014-09-08,Confirmed,Dengue,O,"domestic, cattle",3,3,0,1,2,,
190958,OIE,36.2069,3.8714,Africa,Algeria,Bouira,Ridane,Unknown,2014-08-27,2014-09-08,Confirmed,Dengue,O,"domestic, cattle",2,2,1,1,0,,
190957,OIE,36.6416,4.1297,Africa,Algeria,Tizi Ouzou,Souk tnin,Unknown,2014-08-27,2014-09-08,Confirmed,Dengue,O,"domestic, cattle",7,5,0,0,7,,
190956,OIE,36.1525,3.826,Africa,Algeria,Bouira,Aomar,Unknown,2014-08-26,2014-09-08,Confirmed,Dengue,O,"domestic, cattle",1,1,0,1,0,,
190955,OIE,36.5238,4.6056,Africa,Algeria,Bejaia,Akfadou,Unknown,2014-08-26,2014-09-08,Confirmed,Dengue,O,"domestic, cattle",5,5,0,0,5,,
190954,OIE,36.1978,3.8261,Africa,Algeria,Bouira,Lakhdaria,Unknown,2014-08-26,2014-09-08,Confirmed,Dengue,O,"domestic, cattle",3,1,1,1,1,,
190953,OIE,36.2521,3.7807,Africa,Algeria,Bouira,Ain Laloui,Unknown,2014-08-25,2014-09-08,Confirmed,Dengue,O,"domestic, cattle",2,1,0,1,1,,
190952,OIE,36.0755,2.9649,Africa,Algeria,Medea,Maghraoua,Unknown,2014-08-25,2014-09-08,Confirmed,Dengue,O,"domestic, cattle",3,3,0,0,3,,
190951,OIE,36.7593,6.7856,Africa,Algeria,Skikda,El Harrouch,Unknown,2014-08-25,2014-09-08,Confirmed,Dengue,O,"domestic, cattle",8,2,0,2,6,,
190950,OIE,36.6325,4.1524,Africa,Algeria,Tizi Ouzou,Ain El Hammam,Unknown,2014-08-24,2014-09-08,Confirmed,Dengue,O,"domestic, cattle",4,4,0,0,4,,
190949,OIE,36.6144,4.7143,Africa,Algeria,Bejaia,Tazmalt,Unknown,2014-08-24,2014-09-08,Confirmed,Dengue,O,"domestic, cattle",5,5,0,0,5,,
190948,OIE,36.6416,4.6872,Africa,Algeria,Bejaia,Tibane,Unknown,2014-08-24,2014-09-08,Confirmed,Dengue,O,"domestic, cattle",3,3,0,1,2,,
190947,OIE,36.5872,4.7234,Africa,Algeria,Bejaia,Sidi Aich,Unknown,2014-08-23,2014-09-08,Confirmed,Dengue,O,"domestic, cattle",4,4,0,2,2,,
190946,OIE,36.7865,3.7354,Africa,Algeria,Boumerdes,Kadarra,Unknown,2014-08-23,2014-09-08,Confirmed,Dengue,O,"domestic, cattle",35,8,0,0,35,,
190945,OIE,36.8182,7.4518,Africa,Algeria,Annaba,Chorfa,Unknown,2014-08-23,2014-09-08,Confirmed,Dengue,O,"domestic, cattle",12,2,1,1,10,,
190944,OIE,36.7412,3.7354,Africa,Algeria,Boumerdes,Kharouba,Unknown,2014-08-23,2014-09-08,Confirmed,Dengue,O,"domestic, cattle",2,2,0,0,2,,
190943,OIE,36.7666,3.0066,Africa,Algeria,Alger,Rahmania,Unknown,2014-08-22,2014-09-08,Confirmed,Dengue,O,"domestic, cattle",1,1,0,0,1,,
190942,OIE,36.6506,4.1161,Africa,Algeria,Tizi Ouzou,Ait Khellil,Unknown,2014-08-16,2014-09-08,Confirmed,Dengue,O,"domestic, cattle",4,3,1,0,3,,
190941,OIE,36.0801,5.6299,Africa,Algeria,Setif,Kaser El Abtal,Unknown,2014-08-16,2014-09-08,Confirmed,Dengue,O,"domestic, cattle",18,12,0,2,16,,
190940,OIE,36.2023,1.2518,Africa,Algeria,Chlef,Oum Drou,Unknown,2014-08-16,2014-09-08,Confirmed,Dengue,O,"domestic, cattle",29,7,0,0,29,,
190939,OIE,36.6144,4.2204,Africa,Algeria,Tizi Ouzou,Ouaguenoun,Unknown,2014-08-16,2014-09-08,Confirmed,Dengue,O,"domestic, cattle",2,2,0,0,2,,
190938,OIE,35.4053,5.2492,Africa,Algeria,Batna,El Hassi,Unknown,2014-08-16,2014-09-08,Confirmed,Dengue,O,"domestic, cattle",7,7,0,0,7,,
190937,OIE,35.9759,6.6451,Africa,Algeria,Oum El Bouaghi,Ksar Sebahi,Unknown,2014-08-16,2014-09-08,Confirmed,Dengue,O,"domestic, cattle",3,2,0,1,2,,
190936,OIE,36.7593,4.1614,Africa,Algeria,Tizi Ouzou,Tizi Rached,Unknown,2014-08-16,2014-09-08,Confirmed,Dengue,O,"domestic, cattle",4,4,0,0,4,,
190935,OIE,36.2431,5.4758,Africa,Algeria,Setif,Guelta Zerga,Unknown,2014-08-16,2014-09-08,Confirmed,Dengue,O,"domestic, cattle",5,2,0,0,5,,
190934,OIE,35.9206,6.7792,Africa,Algeria,Oum El Bouaghi,Ain Fekroun,Unknown,2014-08-16,2014-09-08,Confirmed,Dengue,O,"domestic, cattle",13,7,0,0,13,,
190933,OIE,36.7186,6.9578,Africa,Algeria,Skikda,Sidi Mezghiche,Unknown,2014-08-16,2014-09-08,Confirmed,Dengue,O,"domestic, cattle, domestic, sheep",18,8,0,1,17,,
190932,OIE,36.8318,3.7626,Africa,Algeria,Boumerdes,Corso centre,Unknown,2014-08-16,2014-09-08,Confirmed,Dengue,O,"domestic, cattle",35,4,0,0,35,,
190931,OIE,34.64,4.8775,Africa,Algeria,Biskra,Bordj Ben Azzouz,Unknown,2014-08-16,2014-09-08,Confirmed,Dengue,O,"domestic, cattle, domestic, goat",4,3,0,2,2,,
190930,OIE,36.5872,4.7506,Africa,Algeria,Bejaia,Barbacha,Unknown,2014-08-16,2014-09-08,Confirmed,Dengue,O,"domestic, cattle",5,3,0,0,5,,
190929,OIE,36.5963,4.7733,Africa,Algeria,Bejaia,Tichy,Unknown,2014-08-16,2014-09-08,Confirmed,Dengue,O,"domestic, cattle",38,6,0,0,38,,
190928,OIE,36.2567,3.2417,Africa,Algeria,Medea,Sedraya,Unknown,2014-08-16,2014-09-08,Confirmed,Dengue,O,"domestic, cattle",13,11,0,0,13,,
190927,OIE,36.3608,3.8641,Africa,Algeria,Bouira,Ben Daoud,Unknown,2014-08-16,2014-09-08,Confirmed,Dengue,O,"domestic, cattle",3,3,0,0,3,,
190926,OIE,36.7955,4.0889,Africa,Algeria,Tizi Ouzou,Tizi Ghennif,Unknown,2014-08-16,2014-09-08,Confirmed,Dengue,O,"domestic, cattle",1,1,0,0,1,,
190925,OIE,36.1163,5.5573,Africa,Algeria,Setif,Guedjel,Unknown,2014-08-16,2014-09-08,Confirmed,Dengue,O,"domestic, cattle",74,19,0,1,73,,
190924,OIE,36.1525,5.4758,Africa,Algeria,Setif,Bazer Sekhra,Unknown,2014-08-16,2014-09-08,Confirmed,Dengue,O,"domestic, cattle",51,42,3,10,38,,
190923,OIE,36.791,7.0167,Africa,Algeria,Skikda,Hamadi Krouma,Unknown,2014-08-16,2014-09-08,Confirmed,Dengue,O,"domestic, cattle",16,3,0,7,9,,
190922,OIE,36.7321,3.681,Africa,Algeria,Boumerdes,Boudouaou,Unknown,2014-08-16,2014-09-08,Confirmed,Dengue,O,"domestic, cattle",27,8,0,0,27,,
190921,OIE,36.5782,4.6962,Africa,Algeria,Bejaia,Feraoun,Unknown,2014-08-16,2014-09-08,Confirmed,Dengue,O,"domestic, cattle",7,3,0,0,7,,
190920,OIE,36.5465,2.9785,Africa,Algeria,Blida,Guerrouaou,Unknown,2014-08-16,2014-09-08,Confirmed,Dengue,O,"domestic, cattle",64,33,0,0,64,,
190919,OIE,36.1344,4.8141,Africa,Algeria,Bordj Bou Arrer,Mansourah,Unknown,2014-08-16,2014-09-08,Confirmed,Dengue,O,"domestic, cattle",13,13,0,2,11,,
190918,OIE,36.3699,6.0015,Africa,Algeria,Mila,M’Chira,Unknown,2014-08-16,2014-09-08,Confirmed,Dengue,O,"domestic, cattle, domestic, goat, domestic, sheep",170,29,1,2,167,,
190917,OIE,36.2656,3.1416,Africa,Algeria,Medea,Bouaichoune,Unknown,2014-08-16,2014-09-08,Confirmed,Dengue,O,"domestic, cattle",4,3,0,0,4,,
190916,OIE,36.0891,5.5573,Africa,Algeria,Setif,Maouklane,Unknown,2014-08-16,2014-09-08,Confirmed,Dengue,O,"domestic, cattle",29,14,0,2,27,,
190915,OIE,36.6099,3.1961,Africa,Algeria,Blida,Ouled Slama,Unknown,2014-08-16,2014-09-08,Confirmed,Dengue,O,"domestic, cattle",37,19,0,0,37,,
190914,OIE,36.8453,6.7675,Africa,Algeria,Skikda,El Hadaik,Unknown,2014-08-16,2014-09-08,Confirmed,Dengue,O,"domestic, cattle, domestic, sheep",13,8,1,4,8,,
190913,OIE,36.5963,4.7234,Africa,Algeria,Bejaia,El Kseur,Unknown,2014-08-16,2014-09-08,Confirmed,Dengue,O,"domestic, cattle",51,12,3,0,48,,
190912,OIE,36.3201,3.2233,Africa,Algeria,Medea,El Aissaouia,Unknown,2014-08-16,2014-09-08,Confirmed,Dengue,O,"domestic, cattle",1,1,0,0,1,,
190911,OIE,36.0982,5.4939,Africa,Algeria,Setif,Hammam sokhna,Unknown,2014-08-16,2014-09-08,Confirmed,Dengue,O,"domestic, cattle",15,7,0,3,12,,
190910,OIE,36.0348,5.4758,Africa,Algeria,Setif,Béni Chébana,Unknown,2014-08-15,2014-09-08,Confirmed,Dengue,O,"domestic, cattle",20,19,0,5,15,,
190909,OIE,36.7503,3.7445,Africa,Algeria,Boumerdes,Ould Aissa,Unknown,2014-08-15,2014-09-08,Confirmed,Dengue,O,"domestic, cattle",22,10,0,0,22,,
190908,OIE,36.1162,4.8956,Africa,Algeria,Bordj Bou Arrer,Bir Ksad Ali,Unknown,2014-08-15,2014-09-08,Confirmed,Dengue,O,"domestic, cattle",10,10,0,0,10,,
190907,OIE,36.0982,5.512,Africa,Algeria,Setif,Ouled Si Ahmed,Unknown,2014-08-15,2014-09-08,Confirmed,Dengue,O,"domestic, cattle",3,2,0,0,3,,
190906,OIE,36.0255,4.8594,Africa,Algeria,Bordj Bou Arrer,Ain Tassera,Unknown,2014-08-15,2014-09-08,Confirmed,Dengue,O,"domestic, cattle, domestic, goat, domestic, sheep",259,9,6,14,239,,
190905,OIE,35.5819,6.0015,Africa,Algeria,Batna,Ouled Sellem,Unknown,2014-08-15,2014-09-08,Confirmed,Dengue,O,"domestic, cattle",14,2,0,0,14,,
190904,OIE,36.1253,5.5211,Africa,Algeria,Setif,Tala Ifecen,Unknown,2014-08-15,2014-09-08,Confirmed,Dengue,O,"domestic, cattle",64,37,0,25,39,,
190903,OIE,36.5239,4.6328,Africa,Algeria,Bejaia,Amizour,Unknown,2014-08-15,2014-09-08,Confirmed,Dengue,O,"domestic, cattle",24,18,2,0,22,,
190902,OIE,36.714,3.7807,Africa,Algeria,Boumerdes,Isser,Unknown,2014-08-15,2014-09-08,Confirmed,Dengue,O,"domestic, cattle",60,14,0,0,60,,
190901,OIE,36.5284,2.7972,Africa,Algeria,Blida,Oued El Alleug,Unknown,2014-08-15,2014-09-08,Confirmed,Dengue,O,"domestic, cattle",10,7,0,0,10,,
190900,OIE,36.3699,5.9741,Africa,Algeria,Mila,Amira Arres,Unknown,2014-08-15,2014-09-08,Confirmed,Dengue,O,"domestic, cattle",24,13,0,0,24,,
190899,OIE,36.7684,4.3065,Africa,Algeria,Tizi Ouzou,Tirmitine,Unknown,2014-08-15,2014-09-08,Confirmed,Dengue,O,"domestic, cattle",6,6,0,0,6,,
190898,OIE,36.6687,4.0254,Africa,Algeria,Tizi Ouzou,Ait Aggouache,Unknown,2014-08-15,2014-09-08,Confirmed,Dengue,O,"domestic, cattle",14,10,2,4,8,,
190897,OIE,36.7231,3.7626,Africa,Algeria,Boumerdes,Thénia,Unknown,2014-08-15,2014-09-08,Confirmed,Dengue,O,"domestic, cattle",40,13,2,0,38,,
190896,OIE,36.7765,3.0121,Africa,Algeria,Alger,Bordj El Kiffan,Unknown,2014-08-15,2014-09-08,Confirmed,Dengue,O,"domestic, cattle",5,2,0,0,5,,
190895,OIE,36.0801,5.4939,Africa,Algeria,Setif,Bir El Arch,Unknown,2014-08-15,2014-09-08,Confirmed,Dengue,O,"domestic, cattle",199,86,10,0,189,,
190894,OIE,34.6627,2.8834,Africa,Algeria,Djelfa,Hassi behbah,Unknown,2014-08-15,2014-09-08,Confirmed,Dengue,O,"domestic, cattle, domestic, goat, domestic, sheep",63,1,0,0,63,,
190893,OIE,35.7586,2.5525,Africa,Algeria,Medea,Bouskene,Unknown,2014-08-15,2014-09-08,Confirmed,Dengue,O,"domestic, cattle, domestic, sheep",36,7,0,0,36,,
190892,OIE,36.8227,4.234,Africa,Algeria,Tizi Ouzou,Ouacifs,Unknown,2014-08-15,2014-09-08,Confirmed,Dengue,O,"domestic, cattle",2,2,0,0,2,,
190891,OIE,35.84,7.2161,Africa,Algeria,Oum El Bouaghi,El Harmilia,Unknown,2014-08-15,2014-09-08,Confirmed,Dengue,O,"domestic, cattle",160,21,0,0,160,,
190890,OIE,35.9487,6.6904,Africa,Algeria,Oum El Bouaghi,F’Kirina,Unknown,2014-08-15,2014-09-08,Confirmed,Dengue,O,"domestic, cattle, domestic, goat, domestic, sheep",71,10,0,0,71,,
190889,OIE,36.5691,4.6872,Africa,Algeria,Bejaia,Aokas,Unknown,2014-08-15,2014-09-08,Confirmed,Dengue,O,"domestic, cattle",1,1,1,0,0,,
190888,OIE,36.2159,5.4576,Africa,Algeria,Setif,Ouled Sabor,Unknown,2014-08-15,2014-09-08,Confirmed,Dengue,O,"domestic, cattle",52,31,0,13,39,,
190887,OIE,36.4966,4.6101,Africa,Algeria,Bejaia,Akbou,Unknown,2014-08-15,2014-09-08,Confirmed,Dengue,O,"domestic, cattle",15,7,0,3,12,,
190886,OIE,35.8128,7.2341,Africa,Algeria,Oum El Bouaghi,Ouled Hamla,Unknown,2014-08-15,2014-09-08,Confirmed,Dengue,O,"domestic, cattle",5,1,0,0,5,,
190885,OIE,36.1525,5.5301,Africa,Algeria,Setif,Ain Lahdjar,Unknown,2014-08-15,2014-09-08,Confirmed,Dengue,O,"domestic, cattle",50,30,3,4,43,,
190884,OIE,36.08,5.4758,Africa,Algeria,Setif,Mezloug,Unknown,2014-08-15,2014-09-08,Confirmed,Dengue,O,"domestic, cattle",29,14,0,3,26,,
190883,OIE,36.7684,3.0121,Africa,Algeria,Alger,Mahelma,Unknown,2014-08-15,2014-09-08,Confirmed,Dengue,O,"domestic, cattle",9,1,0,0,9,,
190882,OIE,36.1208,3.1054,Africa,Algeria,Medea,El Guelb,Unknown,2014-08-15,2014-09-08,Confirmed,Dengue,O,"domestic, cattle",20,10,0,0,20,,
190881,OIE,36.7231,3.7173,Africa,Algeria,Boumerdes,Hamadi,Unknown,2014-08-15,2014-09-08,Confirmed,Dengue,O,"domestic, cattle",50,11,0,0,50,,
190880,OIE,35.2604,3.2097,Africa,Algeria,Djelfa,Djelfa,Unknown,2014-08-15,2014-09-08,Confirmed,Dengue,O,"domestic, cattle, domestic, sheep, domestic, goat",134,2,0,0,134,,
190879,OIE,36.7412,4.2022,Africa,Algeria,Tizi Ouzou,Ait Mahmoud,Unknown,2014-08-15,2014-09-08,Confirmed,Dengue,O,"domestic, cattle",8,8,0,0,8,,
190878,OIE,36.7276,4.0798,Africa,Algeria,Tizi Ouzou,Larba Nath Irathen,Unknown,2014-08-15,2014-09-08,Confirmed,Dengue,O,"domestic, cattle",16,8,0,0,16,,
190877,OIE,36.6144,4.098,Africa,Algeria,Tizi Ouzou,Bounouh,Unknown,2014-08-15,2014-09-08,Confirmed,Dengue,O,"domestic, cattle",42,8,0,0,42,,
190876,OIE,36.2657,3.178,Africa,Algeria,Medea,El Azizia,Unknown,2014-08-15,2014-09-08,Confirmed,Dengue,O,"domestic, cattle",5,5,0,1,4,,
190875,OIE,36.2657,3.2323,Africa,Algeria,Medea,Deux bassins,Unknown,2014-08-15,2014-09-08,Confirmed,Dengue,O,"domestic, cattle",8,8,0,0,8,,
190874,OIE,36.1797,3.8714,Africa,Algeria,Bouira,Dirah,Unknown,2014-08-15,2014-09-08,Confirmed,Dengue,O,"domestic, cattle",14,14,0,0,14,,
190873,OIE,36.7321,5.8247,Africa,Algeria,Jijel,Chekfa,Unknown,2014-08-15,2014-09-08,Confirmed,Dengue,O,"domestic, cattle",12,2,0,2,10,,
190872,OIE,36.0801,5.5573,Africa,Algeria,Setif,Ain El Kbira,Unknown,2014-08-14,2014-09-08,Confirmed,Dengue,O,"domestic, cattle",14,14,0,0,14,,
190871,OIE,36.7503,6.1239,Africa,Algeria,Jijel,Emir Abdel Kader,Unknown,2014-08-14,2014-09-08,Confirmed,Dengue,O,"domestic, cattle",4,4,0,0,4,,
190870,OIE,36.2431,3.8533,Africa,Algeria,Bouira,Raouraoua,Unknown,2014-08-14,2014-09-08,Confirmed,Dengue,O,"domestic, cattle",15,15,0,0,15,,
190869,OIE,36.0076,4.9319,Africa,Algeria,Bordj Bou Arrer,Ouled Braham,Unknown,2014-08-14,2014-09-08,Confirmed,Dengue,O,"domestic, cattle",10,4,1,1,8,,
190868,OIE,36.705,4.1252,Africa,Algeria,Tizi Ouzou,Aghribs,Unknown,2014-08-14,2014-09-08,Confirmed,Dengue,O,"domestic, cattle",6,6,0,0,6,,
190867,OIE,36.7594,3.7444,Africa,Algeria,Boumerdes,Dellys,Unknown,2014-08-14,2014-09-08,Confirmed,Dengue,O,"domestic, cattle",53,12,0,0,53,,
190866,OIE,36.6416,4.8458,Africa,Algeria,Bejaia,El Omaria,Unknown,2014-08-14,2014-09-08,Confirmed,Dengue,O,"domestic, cattle",16,13,0,0,16,,
190865,OIE,36.6869,4.2068,Africa,Algeria,Tizi Ouzou,Iboudrarene,Unknown,2014-08-14,2014-09-08,Confirmed,Dengue,O,"domestic, cattle",3,2,0,0,3,,
190864,OIE,36.714,3.7173,Africa,Algeria,Boumerdes,Taourga,Unknown,2014-08-14,2014-09-08,Confirmed,Dengue,O,"domestic, cattle",41,9,0,0,41,,
190863,OIE,36.0801,4.8685,Africa,Algeria,Bordj Bou Arrer,El achir,Unknown,2014-08-14,2014-09-08,Confirmed,Dengue,O,"domestic, cattle",26,10,0,0,26,,
190862,OIE,36.7231,3.6992,Africa,Algeria,Boumerdes,Sidi Daoud,Unknown,2014-08-14,2014-09-08,Confirmed,Dengue,O,"domestic, cattle",37,9,0,0,37,,
190861,OIE,35.8038,2.5525,Africa,Algeria,Medea,Sidi Rabie,Unknown,2014-08-14,2014-09-08,Confirmed,Dengue,O,"domestic, cattle",4,4,0,0,4,,
190860,OIE,36.5872,4.1433,Africa,Algeria,Tizi Ouzou,Ait Boumehdi,Unknown,2014-08-14,2014-09-08,Confirmed,Dengue,O,"domestic, cattle",1,1,0,0,1,,
190859,OIE,36.0529,4.9772,Africa,Algeria,Bordj Bou Arrer,Belimour,Unknown,2014-08-14,2014-09-08,Confirmed,Dengue,O,"domestic, cattle",2,2,0,0,2,,
190858,OIE,36.6733,4.2339,Africa,Algeria,Tizi Ouzou,Ain Zaouia,Unknown,2014-08-14,2014-09-08,Confirmed,Dengue,O,"domestic, cattle",2,1,0,0,2,,
190857,OIE,36.7593,4.3971,Africa,Algeria,Tizi Ouzou,Makouda,Unknown,2014-08-13,2014-09-08,Confirmed,Dengue,O,"domestic, cattle",13,1,0,0,13,,
190856,OIE,36.5149,4.6509,Africa,Algeria,Bejaia,Adekar,Unknown,2014-08-13,2014-09-08,Confirmed,Dengue,O,"domestic, cattle",31,10,1,4,26,,
190855,OIE,36.9631,6.4411,Africa,Algeria,Skikda,Skikda,Unknown,2014-08-13,2014-09-08,Confirmed,Dengue,O,"domestic, cattle, domestic, sheep, domestic, goat",90,3,0,6,84,,
190854,OIE,36.6216,4.3001,Africa,Algeria,Tizi Ouzou,Timizart,Unknown,2014-08-13,2014-09-08,Confirmed,Dengue,O,"domestic, cattle",4,2,0,0,4,,
190853,OIE,36.0982,5.0951,Africa,Algeria,Bordj Bou Arrer,Ain Taghrout 2,Unknown,2014-07-30,2014-09-08,Confirmed,Dengue,O,"domestic, cattle",27,6,0,0,27,,
190852,OIE,36.705,4.805,Africa,Algeria,Bejaia,Boukhelifa 1,Unknown,2014-07-29,2014-09-08,Confirmed,Dengue,O,"domestic, cattle",2,2,0,0,2,,
190851,OIE,36.1299,5.4758,Africa,Algeria,Setif,Sétif 3,Unknown,2014-07-29,2014-09-08,Confirmed,Dengue,O,"domestic, cattle",1,1,0,0,1,,
190850,OIE,36.6778,4.8866,Africa,Algeria,Bejaia,Béjaia 3,Unknown,2014-07-29,2014-09-08,Confirmed,Dengue,O,"domestic, cattle",1,1,0,0,1,,
190849,OIE,36.6778,4.8866,Africa,Algeria,Bejaia,Béjaia 2,Unknown,2014-07-29,2014-09-08,Confirmed,Dengue,O,"domestic, cattle",2,2,0,0,2,,
190848,OIE,36.1299,5.4758,Africa,Algeria,Setif,Sétif 6,Unknown,2014-07-29,2014-09-08,Confirmed,Dengue,O,"domestic, cattle",12,1,0,0,12,,
190847,OIE,36.1299,5.4758,Africa,Algeria,Setif,Sétif 5,Unknown,2014-07-29,2014-09-08,Confirmed,Dengue,O,"domestic, cattle",12,4,0,0,12,,
190846,OIE,36.705,4.805,Africa,Algeria,Bejaia,Boukhelifa 2,Unknown,2014-07-29,2014-09-08,Confirmed,Dengue,O,"domestic, cattle",2,2,0,0,2,,
190845,OIE,36.1299,5.4758,Africa,Algeria,Setif,Sétif 4,Unknown,2014-07-29,2014-09-08,Confirmed,Dengue,O,"domestic, cattle",13,4,0,0,13,,
190844,OIE,36.1299,5.4758,Africa,Algeria,Setif,Sétif 2,Unknown,2014-07-29,2014-09-08,Confirmed,Dengue,O,"domestic, cattle",4,1,0,0,4,,
190843,OIE,36.6415,4.1433,Africa,Algeria,Tizi Ouzou,TADMAIT,Unknown,2014-08-22,2014-09-08,Confirmed,Dengue,O,"domestic, cattle",2,2,0,0,2,,
190842,OIE,36.5601,4.6509,Africa,Algeria,Bejaia,Ighram,Unknown,2014-08-22,2014-09-08,Confirmed,Dengue,O,"domestic, cattle",7,7,0,1,6,,
190841,OIE,36.3878,5.9789,Africa,Algeria,Mila,Sidi Merouane,Unknown,2014-08-22,2014-09-08,Confirmed,Dengue,O,"domestic, cattle",12,3,0,0,12,,
190840,OIE,36.3788,6.0462,Africa,Algeria,Mila,Mila,Unknown,2014-08-22,2014-09-08,Confirmed,Dengue,O,"domestic, cattle",26,16,0,0,26,,
190839,OIE,36.6053,4.7053,Africa,Algeria,Bejaia,Tala Hamza,Unknown,2014-08-22,2014-09-08,Confirmed,Dengue,O,"domestic, cattle",6,4,0,1,5,,
190838,OIE,35.8718,6.9895,Africa,Algeria,Oum El Bouaghi,Ain Beida,Unknown,2014-08-21,2014-09-08,Confirmed,Dengue,O,"domestic, cattle, domestic, sheep, domestic, goat",64,3,0,0,64,,
190837,OIE,36.2159,1.9679,Africa,Algeria,Ain-Defla,Bourached,Unknown,2014-08-21,2014-09-08,Confirmed,Dengue,O,"domestic, cattle, domestic, sheep",21,7,0,0,21,,
190836,OIE,36.1072,5.512,Africa,Algeria,Setif,Djemila,Unknown,2014-08-21,2014-09-08,Confirmed,Dengue,O,"domestic, cattle",77,47,0,0,77,,
190835,OIE,36.2295,3.8804,Africa,Algeria,Bouira,Ain lahdjar,Unknown,2014-08-21,2014-09-08,Confirmed,Dengue,O,"domestic, cattle",1,1,0,0,1,,
190834,OIE,36.6144,4.7053,Africa,Algeria,Bejaia,Chellata,Unknown,2014-08-20,2014-09-08,Confirmed,Dengue,O,"domestic, cattle",6,5,0,0,6,,
190833,OIE,36.7322,5.9652,Africa,Algeria,Jijel,Tassoust,Unknown,2014-08-20,2014-09-08,Confirmed,Dengue,O,"domestic, cattle",3,2,0,0,3,,
190832,OIE,36.1706,5.0135,Africa,Algeria,Bordj Bou Arrer,Ras El Oued,Unknown,2014-08-20,2014-09-08,Confirmed,Dengue,O,"domestic, cattle",34,7,1,2,31,,
190831,OIE,34.8577,2.9468,Africa,Algeria,Djelfa,Birine,Unknown,2014-08-20,2014-09-08,Confirmed,Dengue,O,"domestic, cattle, domestic, sheep, domestic, goat",97,3,0,1,96,,
190830,OIE,36.3201,3.7581,Africa,Algeria,Bouira,Maâla,Unknown,2014-08-20,2014-09-08,Confirmed,Dengue,O,"domestic, cattle",1,1,0,0,1,,
190829,OIE,36.0846,5.5347,Africa,Algeria,Setif,El Eulma,Unknown,2014-08-20,2014-09-08,Confirmed,Dengue,O,"domestic, cattle",68,48,3,3,62,,
190828,OIE,36.1978,3.7988,Africa,Algeria,Bouira,Hadjra Zergua,Unknown,2014-08-20,2014-09-08,Confirmed,Dengue,O,"domestic, cattle",2,1,0,0,2,,
190827,OIE,36.0709,5.6651,Africa,Algeria,Setif,Draa Kebila,Unknown,2014-08-20,2014-09-08,Confirmed,Dengue,O,"domestic, cattle",9,6,0,0,9,,
190826,OIE,36.2653,6.0558,Africa,Algeria,Mila,Ferdjioua,Unknown,2014-08-20,2014-09-08,Confirmed,Dengue,O,"domestic, cattle, domestic, sheep",111,11,0,1,110,,
190825,OIE,36.1298,2.0676,Africa,Algeria,Ain-Defla,Bourached,Unknown,2014-08-20,2014-09-08,Confirmed,Dengue,O,"domestic, cattle, domestic, sheep",51,27,0,0,51,,
190824,OIE,35.8581,7.1436,Africa,Algeria,Oum El Bouaghi,Sigus,Unknown,2014-08-20,2014-09-08,Confirmed,Dengue,O,"domestic, cattle",11,4,0,0,11,,
190823,OIE,35.9714,5.4214,Africa,Algeria,Setif,Ain Legredj,Unknown,2014-08-20,2014-09-08,Confirmed,Dengue,O,"domestic, cattle",1,1,0,0,1,,
190822,OIE,36.2612,3.8804,Africa,Algeria,Bouira,Kadiria,Unknown,2014-08-20,2014-09-08,Confirmed,Dengue,O,"domestic, cattle",3,2,1,1,1,,
190821,OIE,36.6235,4.8322,Africa,Algeria,Bejaia,Boudjellil,Unknown,2014-08-19,2014-09-08,Confirmed,Dengue,O,"domestic, cattle",15,5,0,0,15,,
190820,OIE,35.8593,0.2823,Africa,Algeria,Mostaganem,Ouled Boughalem,Unknown,2014-08-19,2014-09-08,Confirmed,Dengue,O,"domestic, cattle",16,2,2,0,14,,
190819,OIE,36.5057,4.6328,Africa,Algeria,Bejaia,Chemini,Unknown,2014-08-19,2014-09-08,Confirmed,Dengue,O,"domestic, cattle",5,5,0,0,5,,
190818,OIE,35.9714,5.5391,Africa,Algeria,Setif,Beida Bordj,Unknown,2014-08-19,2014-09-08,Confirmed,Dengue,O,"domestic, cattle",14,2,0,12,2,,
190817,OIE,36.0438,5.512,Africa,Algeria,Setif,Rasfa,Unknown,2014-08-19,2014-09-08,Confirmed,Dengue,O,"domestic, cattle",12,9,0,1,11,,
190816,OIE,36.5057,4.592,Africa,Algeria,Bejaia,Mcisna,Unknown,2014-08-19,2014-09-08,Confirmed,Dengue,O,"domestic, cattle",2,2,0,0,2,,
190815,OIE,36.1252,4.7965,Africa,Algeria,Bordj Bou Arrer,El Euch,Unknown,2014-08-19,2014-09-08,Confirmed,Dengue,O,"domestic, sheep, domestic, cattle",23,7,1,0,22,,
190814,OIE,36.2159,3.6992,Africa,Algeria,Bouira,Bir Ghbalou,Unknown,2014-08-19,2014-09-08,Confirmed,Dengue,O,"domestic, cattle",4,4,2,1,1,,
190813,OIE,36.0755,5.5075,Africa,Algeria,Setif,Salah Bey,Unknown,2014-08-19,2014-09-08,Confirmed,Dengue,O,"domestic, cattle",12,7,0,2,10,,
190812,OIE,36.5872,4.7234,Africa,Algeria,Bejaia,Souk El Tenine,Unknown,2014-08-19,2014-09-08,Confirmed,Dengue,O,"domestic, cattle",4,4,0,0,4,,
190811,OIE,36.5057,6.0332,Africa,Algeria,Mila,Teleghma,Unknown,2014-08-19,2014-09-08,Confirmed,Dengue,O,"domestic, cattle, domestic, sheep",32,14,0,0,32,,
190810,OIE,36.4559,6.6269,Africa,Algeria,Constantine,Hama Bouziane,Unknown,2014-08-19,2014-09-08,Confirmed,Dengue,O,"domestic, cattle, domestic, sheep",26,6,0,0,26,,
190809,OIE,36.7702,3.003,Africa,Algeria,Alger,Tessala El Merdja,Unknown,2014-08-19,2014-09-08,Confirmed,Dengue,O,"domestic, cattle",20,5,0,0,20,,
190808,OIE,36.7322,5.9244,Africa,Algeria,Jijel,D''mina,Unknown,2014-08-19,2014-09-08,Confirmed,Dengue,O,"domestic, cattle",1,1,0,0,1,,
190807,OIE,36.2883,5.4123,Africa,Algeria,Setif,Beni Aziz,Unknown,2014-08-19,2014-09-08,Confirmed,Dengue,O,"domestic, cattle",4,3,1,1,2,,
190806,OIE,36.0438,2.9922,Africa,Algeria,Medea,Ouled Brahim,Unknown,2014-08-19,2014-09-08,Confirmed,Dengue,O,"domestic, cattle",21,21,0,0,21,,
190805,OIE,36.0891,5.4486,Africa,Algeria,Setif,Sétif,Unknown,2014-08-19,2014-09-08,Confirmed,Dengue,O,"domestic, cattle",22,19,0,2,20,,
190804,OIE,36.5963,4.7234,Africa,Algeria,Bejaia,Ighil Ali,Unknown,2014-08-19,2014-09-08,Confirmed,Dengue,O,"domestic, cattle",2,2,0,0,2,,
190803,OIE,36.5465,2.9604,Africa,Algeria,Blida,Bougara,Unknown,2014-08-19,2014-09-08,Confirmed,Dengue,O,"domestic, cattle",44,28,0,0,44,,
190802,OIE,36.4378,6.5997,Africa,Algeria,Constantine,Beni Hmidene,Unknown,2014-08-19,2014-09-08,Confirmed,Dengue,O,"domestic, cattle, domestic, sheep",50,30,0,0,50,,
190801,OIE,35.9125,2.6749,Africa,Algeria,Medea,Chellalet El Adhaoura,Unknown,2014-08-19,2014-09-08,Confirmed,Dengue,O,"domestic, cattle",3,2,0,0,3,,
190800,OIE,36.0438,5.6662,Africa,Algeria,Setif,Bougaa,Unknown,2014-08-18,2014-09-08,Confirmed,Dengue,O,"domestic, cattle",4,2,0,1,3,,
190799,OIE,36.0982,5.5483,Africa,Algeria,Setif,Belaa,Unknown,2014-08-18,2014-09-08,Confirmed,Dengue,O,"domestic, cattle",122,88,7,17,98,,
190798,OIE,36.5102,5.9157,Africa,Algeria,Mila,Oued Athamania,Unknown,2014-08-18,2014-09-08,Confirmed,Dengue,O,"domestic, cattle",26,26,1,1,24,,
190797,OIE,36.225,5.4214,Africa,Algeria,Setif,Tachouda,Unknown,2014-08-18,2014-09-08,Confirmed,Dengue,O,"domestic, cattle",2,2,0,0,2,,
190796,OIE,36.6144,4.7189,Africa,Algeria,Bejaia,Beni Maouche,Unknown,2014-08-18,2014-09-08,Confirmed,Dengue,O,"domestic, cattle",4,2,0,0,4,,
190795,OIE,36.8046,3.7626,Africa,Algeria,Boumerdes,Naciria,Unknown,2014-08-18,2014-09-08,Confirmed,Dengue,O,"domestic, cattle",22,7,0,0,22,,
190794,OIE,36.6235,4.7642,Africa,Algeria,Bejaia,Taourit Ighil,Unknown,2014-08-18,2014-09-08,Confirmed,Dengue,O,"domestic, cattle",2,1,0,0,2,,
190793,OIE,36.0619,5.4668,Africa,Algeria,Setif,Tizi N''Béchar,Unknown,2014-08-18,2014-09-08,Confirmed,Dengue,O,"domestic, cattle",6,6,0,0,6,,
190792,OIE,36.1977,3.8435,Africa,Algeria,Bouira,M''chedellah,Unknown,2014-08-18,2014-09-08,Confirmed,Dengue,O,"domestic, cattle",1,1,0,1,0,,
190791,OIE,36.7503,3.6901,Africa,Algeria,Boumerdes,Cap Djennat,Unknown,2014-08-18,2014-09-08,Confirmed,Dengue,O,"domestic, cattle",1,1,0,0,1,,
190790,OIE,36.6597,4.098,Africa,Algeria,Tizi Ouzou,Abi Youcef,Unknown,2014-08-18,2014-09-08,Confirmed,Dengue,O,"domestic, cattle",1,1,0,0,1,,
190789,OIE,36.1435,5.5392,Africa,Algeria,Setif,Ain Oulmène,Unknown,2014-08-18,2014-09-08,Confirmed,Dengue,O,"domestic, cattle",25,15,0,6,19,,
190788,OIE,36.551,4.1252,Africa,Algeria,Tizi Ouzou,Mechtras,Unknown,2014-08-18,2014-09-08,Confirmed,Dengue,O,"domestic, cattle",1,1,0,0,1,,
190787,OIE,36.7684,3.7535,Africa,Algeria,Boumerdes,Béni Amrane,Unknown,2014-08-18,2014-09-08,Confirmed,Dengue,O,"domestic, cattle",30,7,0,0,30,,
190786,OIE,36.7321,6.772,Africa,Algeria,Skikda,Ouled Hebaba,Unknown,2014-08-18,2014-09-08,Confirmed,Dengue,O,"domestic, cattle",8,2,0,3,5,,
190785,OIE,36.3225,4.8328,Africa,Algeria,Setif,Guenzet,Unknown,2014-08-18,2014-09-08,Confirmed,Dengue,O,"domestic, cattle",4,4,0,0,4,,
190784,OIE,36.071,5.5302,Africa,Algeria,Setif,Guellal,Unknown,2014-08-18,2014-09-08,Confirmed,Dengue,O,"domestic, cattle",12,9,0,4,8,,
190783,OIE,36.3289,5.0536,Africa,Algeria,Setif,Hammam Guergour,Unknown,2014-08-18,2014-09-08,Confirmed,Dengue,O,"domestic, cattle",1,1,0,0,1,,
190782,OIE,35.7675,2.6069,Africa,Algeria,Medea,Tablat,Unknown,2014-08-18,2014-09-08,Confirmed,Dengue,O,"domestic, cattle",16,13,1,1,14,,
190781,OIE,36.1888,3.8082,Africa,Algeria,Bouira,Saharidj,Unknown,2014-08-18,2014-09-08,Confirmed,Dengue,O,"domestic, cattle",2,2,0,0,2,,
190780,OIE,36.5238,4.5784,Africa,Algeria,Bejaia,Béni M''''likeche,Unknown,2014-08-18,2014-09-08,Confirmed,Dengue,O,"domestic, cattle",10,4,0,0,10,,
190779,OIE,36.4333,5.929,Africa,Algeria,Mila,Ouled Khlouf,Unknown,2014-08-18,2014-09-08,Confirmed,Dengue,O,"domestic, cattle, domestic, sheep, domestic, goat",106,40,1,0,105,,
190778,OIE,36.003,6.6723,Africa,Algeria,Oum El Bouaghi,Bir Chouhada,Unknown,2014-08-18,2014-09-08,Confirmed,Dengue,O,"domestic, cattle, domestic, sheep",594,52,1,19,574,,
190777,OIE,36.0982,5.4667,Africa,Algeria,Setif,Ait N M’Zada,Unknown,2014-08-18,2014-09-08,Confirmed,Dengue,O,"domestic, cattle",1,1,0,0,1,,
190776,OIE,35.3917,6.0559,Africa,Algeria,Batna,Djezzar,Unknown,2014-08-17,2014-09-08,Confirmed,Dengue,O,"domestic, cattle",41,3,1,0,40,,
190775,OIE,36.6416,4.7416,Africa,Algeria,Bejaia,Aghyl ali,Unknown,2014-08-17,2014-09-08,Confirmed,Dengue,O,"domestic, cattle",30,7,0,0,30,,
190774,OIE,36.7503,3.7264,Africa,Algeria,Boumerdes,Ould Hadadj,Unknown,2014-08-17,2014-09-08,Confirmed,Dengue,O,"domestic, cattle",20,6,0,0,20,,
190773,OIE,36.1797,6.1601,Africa,Algeria,Mila,Oued Seguene,Unknown,2014-08-17,2014-09-08,Confirmed,Dengue,O,"domestic, cattle",8,8,0,0,8,,
190772,OIE,36.5193,2.8516,Africa,Algeria,Blida,Larba,Unknown,2014-08-17,2014-09-08,Confirmed,Dengue,O,"domestic, cattle, domestic, sheep",13,8,0,0,13,,
190771,OIE,36.6687,4.1433,Africa,Algeria,Tizi Ouzou,Frikat,Unknown,2014-08-17,2014-09-08,Confirmed,Dengue,O,"domestic, cattle",2,2,0,0,2,,
190770,OIE,36.071,5.4395,Africa,Algeria,Setif,Beni Mohli,Unknown,2014-08-17,2014-09-08,Confirmed,Dengue,O,"domestic, cattle",2,2,1,0,1,,
190769,OIE,36.1072,5.4214,Africa,Algeria,Setif,Tella,Unknown,2014-08-17,2014-09-08,Confirmed,Dengue,O,"domestic, cattle",200,72,3,0,197,,
190768,OIE,36.0257,5.5754,Africa,Algeria,Setif,Bouandas,Unknown,2014-08-17,2014-09-08,Confirmed,Dengue,O,"domestic, cattle",27,22,0,2,25,,
190767,OIE,35.0657,1.2609,Africa,Algeria,Tiaret,Serghine,Unknown,2014-08-17,2014-09-08,Confirmed,Dengue,O,"domestic, cattle",8,2,0,0,8,,
190766,OIE,36.1435,5.5474,Africa,Algeria,Setif,Hamma,Unknown,2014-08-17,2014-09-08,Confirmed,Dengue,O,"domestic, cattle",1,1,0,0,1,,
190765,OIE,36.2069,5.4939,Africa,Algeria,Setif,El Ourcia,Unknown,2014-08-17,2014-09-08,Confirmed,Dengue,O,"domestic, cattle",120,10,0,0,120,,
190764,OIE,36.6053,4.7234,Africa,Algeria,Bejaia,Ouizellaguen,Unknown,2014-08-17,2014-09-08,Confirmed,Dengue,O,"domestic, cattle",18,4,1,0,17,,
190763,OIE,36.6325,4.7325,Africa,Algeria,Bejaia,Ait Smail,Unknown,2014-08-17,2014-09-08,Confirmed,Dengue,O,"domestic, cattle",3,2,1,0,2,,
190762,OIE,36.7819,6.6405,Africa,Algeria,Skikda,Beni Oulbane,Unknown,2014-08-17,2014-09-08,Confirmed,Dengue,O,"domestic, cattle",27,21,1,9,17,,
190761,OIE,36.234,5.4395,Africa,Algeria,Setif,Harbil,Unknown,2014-08-17,2014-09-08,Confirmed,Dengue,O,"domestic, cattle",1,1,0,0,1,,
190760,OIE,36.781,3.0175,Africa,Algeria,Alger,Ain Benian,Unknown,2014-08-17,2014-09-08,Confirmed,Dengue,O,"domestic, cattle",7,7,1,0,6,,
190759,OIE,36.705,5.6978,Africa,Algeria,Jijel,Djimla,Unknown,2014-08-17,2014-09-08,Confirmed,Dengue,O,"domestic, cattle",11,4,0,4,7,,
190758,OIE,35.8219,0.8076,Africa,Algeria,Relizane,Zemmoura,Unknown,2014-08-17,2014-09-08,Confirmed,Dengue,O,"domestic, cattle",14,4,0,1,13,,
190757,OIE,36.234,3.7535,Africa,Algeria,Bouira,El Mokrani,Unknown,2014-08-17,2014-09-08,Confirmed,Dengue,O,"domestic, cattle",13,13,1,0,12,,
190756,OIE,36.7231,5.7386,Africa,Algeria,Jijel,Tahir,Unknown,2014-08-17,2014-09-08,Confirmed,Dengue,O,"domestic, cattle",1,1,0,0,1,,
190755,OIE,36.0438,5.5211,Africa,Algeria,Setif,Boussalem,Unknown,2014-08-17,2014-09-08,Confirmed,Dengue,O,"domestic, cattle",19,16,0,0,19,,
190754,OIE,36.1706,5.4486,Africa,Algeria,Setif,Ain Arnat,Unknown,2014-08-17,2014-09-08,Confirmed,Dengue,O,"domestic, cattle",138,94,5,10,123,,
190753,OIE,35.7404,7.4563,Africa,Algeria,Oum El Bouaghi,Ouled Zouai,Unknown,2014-08-17,2014-09-08,Confirmed,Dengue,O,"domestic, cattle",11,7,0,0,11,,
190752,OIE,36.3246,3.8351,Africa,Algeria,Bouira,Souk El Khmis,Unknown,2014-08-17,2014-09-08,Confirmed,Dengue,O,"domestic, cattle",12,11,0,0,12,,
190751,OIE,36.0118,5.4445,Africa,Algeria,Setif,Bir Haddada,Unknown,2014-08-17,2014-09-08,Confirmed,Dengue,O,"domestic, cattle",29,23,1,3,25,,
190750,OIE,36.1816,5.369,Africa,Algeria,Setif,Ain Abessa,Unknown,2014-08-17,2014-09-08,Confirmed,Dengue,O,"domestic, cattle",9,8,0,1,8,,
190749,OIE,36.7684,3.0193,Africa,Algeria,Alger,Douira,Unknown,2014-08-16,2014-09-08,Confirmed,Dengue,O,"domestic, cattle",11,3,0,0,11,,
190748,OIE,35.7042,7.5062,Africa,Algeria,Oum El Bouaghi,Ain M’lila,Unknown,2014-08-16,2014-09-08,Confirmed,Dengue,O,"domestic, cattle",5,1,0,1,4,,
190747,OIE,36.6144,4.7597,Africa,Algeria,Bejaia,Semaoun,Unknown,2014-08-16,2014-09-08,Confirmed,Dengue,O,"domestic, cattle",9,9,1,0,8,,
190746,OIE,36.628,4.0617,Africa,Algeria,Tizi Ouzou,Boghni,Unknown,2014-08-16,2014-09-08,Confirmed,Dengue,O,"domestic, cattle",4,4,0,0,4,,
190745,OIE,36.4739,3.6403,Africa,Algeria,Bouira,Aghbalou,Unknown,2014-08-16,2014-09-08,Confirmed,Dengue,O,"domestic, cattle",15,9,0,0,15,,
190744,OIE,36.0257,4.8775,Africa,Algeria,Bordj Bou Arrer,Hasnaoua,Unknown,2014-08-16,2014-09-08,Confirmed,Dengue,O,"domestic, cattle",14,11,0,0,14,,
189861,OIE,36.716114,9.192441,Africa,Tunisia,Beja,Sidi shili Beja sud,Centroid Admin2,2014-08-17,2014-08-27,Confirmed,Dengue,O,"domestic, cattle",16,2,0,0,0,,
189860,OIE,35.294838,10.70365,Africa,Tunisia,Mahdia,Zaouia El jem,Centroid Admin2,2014-08-15,2014-08-27,Confirmed,Dengue,O,"domestic, cattle, domestic, sheep",149,13,0,0,0,,
189859,OIE,35.290319,10.705237,Africa,Tunisia,Mahdia,Oued Arjoune Achaba,Centroid Admin2,2014-08-15,2014-08-27,Confirmed,Dengue,O,"domestic, cattle",15,8,0,0,0,,
189858,OIE,36.780268,9.818716,Africa,Tunisia,Manouba,Mehrine El Battan,Centroid Admin2,2014-08-10,2014-08-27,Confirmed,Dengue,O,"domestic, cattle, domestic, sheep",22,1,0,0,0,,
189801,OIE,36.2567,1.279,Africa,Algeria,Chlef,Chlef,Unknown,2014-08-12,2014-08-19,Confirmed,Dengue,O,"domestic, cattle",9,1,0,0,9,,
189800,OIE,36.148,2.1129,Africa,Algeria,Ain-Defla,Bourached,Unknown,2014-08-12,2014-08-19,Confirmed,Dengue,O,"domestic, cattle",4,4,0,0,4,,
189799,OIE,36.1706,5.0588,Africa,Algeria,Bordj Bou Arrer,Bordj Ghedir 1,Unknown,2014-08-11,2014-08-19,Confirmed,Dengue,O,"domestic, cattle",3,2,0,0,3,,
189798,OIE,36.1752,1.2971,Africa,Algeria,Chlef,Chlef,Unknown,2014-08-11,2014-08-19,Confirmed,Dengue,O,"domestic, cattle",9,3,0,0,9,,
189797,OIE,36.6687,4.3518,Africa,Algeria,Tizi Ouzou,Boghni 4,Unknown,2014-08-11,2014-08-19,Confirmed,Dengue,O,"domestic, cattle",1,1,0,0,1,,
189796,OIE,36.705,4.8231,Africa,Algeria,Bejaia,Fenaia 2,Unknown,2014-08-11,2014-08-19,Confirmed,Dengue,O,"domestic, cattle",1,1,0,0,1,,
189795,OIE,36.8137,4.098,Africa,Algeria,Tizi Ouzou,Sidi Naâmane 3,Unknown,2014-08-11,2014-08-19,Confirmed,Dengue,O,"domestic, cattle",2,1,0,0,2,,
189794,OIE,36.8137,4.098,Africa,Algeria,Tizi Ouzou,Sidi Naâmane 2,Unknown,2014-08-11,2014-08-19,Confirmed,Dengue,O,"domestic, cattle",2,2,0,0,2,,
189793,OIE,36.3925,6.0559,Africa,Algeria,Mila,Ben Yahia,Unknown,2014-08-11,2014-08-19,Confirmed,Dengue,O,"domestic, cattle",9,4,0,0,9,,
189792,OIE,36.2476,1.2337,Africa,Algeria,Chlef,Zeboudja,Unknown,2014-08-11,2014-08-19,Confirmed,Dengue,O,"domestic, cattle",6,1,0,0,6,,
189791,OIE,36.8137,4.098,Africa,Algeria,Tizi Ouzou,Sidi Naâmane 1,Unknown,2014-08-11,2014-08-19,Confirmed,Dengue,O,"domestic, cattle",5,3,0,0,5,,
189790,OIE,36.3518,5.9924,Africa,Algeria,Mila,Tadjnanet,Unknown,2014-08-11,2014-08-19,Confirmed,Dengue,O,"domestic, cattle",20,1,0,0,20,,
189789,OIE,36.6687,4.3518,Africa,Algeria,Tizi Ouzou,Boghni 2,Unknown,2014-08-11,2014-08-19,Confirmed,Dengue,O,"domestic, cattle",10,1,0,0,10,,
189788,OIE,35.6091,5.8474,Africa,Algeria,Batna,Merouana,Unknown,2014-08-11,2014-08-19,Confirmed,Dengue,O,"domestic, goat, domestic, sheep, domestic, cattle",67,4,0,0,67,,
189787,OIE,35.9623,4.7506,Africa,Algeria,Bordj Bou Arrer,Khlil,Unknown,2014-08-11,2014-08-19,Confirmed,Dengue,O,"domestic, cattle",3,3,0,0,3,,
189786,OIE,36.1706,5.0588,Africa,Algeria,Bordj Bou Arrer,Bordj Ghedir 2,Unknown,2014-08-11,2014-08-19,Confirmed,Dengue,O,"domestic, cattle",5,3,0,0,5,,
189785,OIE,36.6687,4.3518,Africa,Algeria,Tizi Ouzou,Boghni 3,Unknown,2014-08-11,2014-08-19,Confirmed,Dengue,O,"domestic, cattle",4,2,0,0,4,,
189784,OIE,36.705,4.8231,Africa,Algeria,Bejaia,Fenaia 1,Unknown,2014-08-11,2014-08-19,Confirmed,Dengue,O,"domestic, cattle",2,2,0,0,2,,
189783,OIE,36.7711,3.0105,Africa,Algeria,Alger,Sidi Moussa,Unknown,2014-08-11,2014-08-19,Confirmed,Dengue,O,"domestic, cattle",2,2,0,0,2,,
189782,OIE,36.6687,4.3518,Africa,Algeria,Tizi Ouzou,Boghni 1,Unknown,2014-08-11,2014-08-19,Confirmed,Dengue,O,"domestic, cattle",9,6,0,0,9,,
189781,OIE,36.1208,2.9468,Africa,Algeria,Medea,Bir Ben Abed 7,Unknown,2014-08-10,2014-08-19,Confirmed,Dengue,O,"domestic, cattle",5,1,0,0,5,,
189780,OIE,36.7638,5.8927,Africa,Algeria,Jijel,Kaous,Unknown,2014-08-10,2014-08-19,Confirmed,Dengue,O,"domestic, cattle, domestic, sheep",13,2,0,0,13,,
189779,OIE,36.2521,3.7898,Africa,Algeria,Bouira,Seg 3,Unknown,2014-08-10,2014-08-19,Confirmed,Dengue,O,"domestic, cattle",10,7,0,0,10,,
189778,OIE,36.2521,3.7898,Africa,Algeria,Bouira,Seg 2,Unknown,2014-08-10,2014-08-19,Confirmed,Dengue,O,"domestic, cattle",19,8,0,0,19,,
189777,OIE,36.1208,2.9468,Africa,Algeria,Medea,Bir Ben Abed 4,Unknown,2014-08-10,2014-08-19,Confirmed,Dengue,O,"domestic, cattle",5,1,0,0,5,,
189776,OIE,36.1208,2.9468,Africa,Algeria,Medea,Bir Ben Abed 2,Unknown,2014-08-10,2014-08-19,Confirmed,Dengue,O,"domestic, cattle",5,1,0,0,5,,
189775,OIE,36.6869,4.234,Africa,Algeria,Tizi Ouzou,Freha 1,Unknown,2014-08-10,2014-08-19,Confirmed,Dengue,O,"domestic, cattle",11,5,0,0,11,,
189774,OIE,36.6869,4.234,Africa,Algeria,Tizi Ouzou,Freha 2,Unknown,2014-08-10,2014-08-19,Confirmed,Dengue,O,"domestic, cattle",9,7,0,0,9,,
189773,OIE,35.1969,6.9261,Africa,Algeria,Khenchela,laârecha,Unknown,2014-08-10,2014-08-19,Confirmed,Dengue,O,"domestic, cattle",19,3,0,0,19,,
189772,OIE,36.3472,6.0559,Africa,Algeria,Mila,Ain Melouk 2,Unknown,2014-08-10,2014-08-19,Confirmed,Dengue,O,"domestic, cattle",3,3,0,0,3,,
189771,OIE,36.2521,3.7898,Africa,Algeria,Bouira,Seg 1,Unknown,2014-08-10,2014-08-19,Confirmed,Dengue,O,"domestic, cattle",2,2,0,0,2,,
189770,OIE,36.3472,6.0559,Africa,Algeria,Mila,Ain Melouk 3,Unknown,2014-08-10,2014-08-19,Confirmed,Dengue,O,"domestic, cattle",4,3,0,0,4,,
189769,OIE,36.1208,2.9468,Africa,Algeria,Medea,Bir Ben Abed 3,Unknown,2014-08-10,2014-08-19,Confirmed,Dengue,O,"domestic, cattle",11,2,0,0,11,,
189768,OIE,36.1208,2.9468,Africa,Algeria,Medea,Bir Ben Abed 8,Unknown,2014-08-10,2014-08-19,Confirmed,Dengue,O,"domestic, cattle",18,2,1,0,17,,
189767,OIE,36.1208,2.9468,Africa,Algeria,Medea,Bir Ben Abed 6,Unknown,2014-08-10,2014-08-19,Confirmed,Dengue,O,"domestic, cattle",18,3,0,0,18,,
189766,OIE,36.1208,2.9468,Africa,Algeria,Medea,Bir Ben Abed 1,Unknown,2014-08-10,2014-08-19,Confirmed,Dengue,O,"domestic, cattle",6,1,0,0,6,,
189765,OIE,36.3472,6.0559,Africa,Algeria,Mila,Ain Melouk 1,Unknown,2014-08-10,2014-08-19,Confirmed,Dengue,O,"domestic, cattle",5,2,0,0,5,,
189764,OIE,36.1208,2.9468,Africa,Algeria,Medea,Bir Ben Abed 5,Unknown,2014-08-10,2014-08-19,Confirmed,Dengue,O,"domestic, cattle",4,1,0,0,4,,
189763,OIE,36.8137,3.7535,Africa,Algeria,Boumerdes,Afir 4,Unknown,2014-08-09,2014-08-19,Confirmed,Dengue,O,"domestic, cattle",4,2,0,0,4,,
189762,OIE,36.8137,3.7535,Africa,Algeria,Boumerdes,Afir 1,Unknown,2014-08-09,2014-08-19,Confirmed,Dengue,O,"domestic, cattle",23,9,0,0,23,,
189761,OIE,36.7231,4.8866,Africa,Algeria,Bejaia,Ait R''Zine 2,Unknown,2014-08-09,2014-08-19,Confirmed,Dengue,O,"domestic, cattle",1,1,0,0,1,,
189760,OIE,36.5012,6.6904,Africa,Algeria,Constantine,Constantine,Unknown,2014-08-09,2014-08-19,Confirmed,Dengue,O,"domestic, cattle, domestic, sheep",15,5,0,0,15,,
189759,OIE,36.1299,3.7354,Africa,Algeria,Bouira,El Hachimia 1,Unknown,2014-08-09,2014-08-19,Confirmed,Dengue,O,"domestic, cattle",2,2,0,0,2,,
189758,OIE,36.2521,3.8804,Africa,Algeria,Bouira,Ain Turk,Unknown,2014-08-09,2014-08-19,Confirmed,Dengue,O,"domestic, cattle",9,3,0,0,9,,
189757,OIE,34.7306,5.5573,Africa,Algeria,Biskra,Mechta El Hammam,Unknown,2014-08-09,2014-08-19,Confirmed,Dengue,O,"domestic, cattle, domestic, goat, domestic, sheep",14,1,0,0,14,,
189756,OIE,36.1661,7.8869,Africa,Algeria,Souk-Ahras,Bir Bou Haouch,Unknown,2014-08-09,2014-08-19,Confirmed,Dengue,O,"domestic, cattle, domestic, goat, domestic, sheep",35,4,1,0,34,,
189755,OIE,36.7231,4.8866,Africa,Algeria,Bejaia,Ait R''Zine 1,Unknown,2014-08-09,2014-08-19,Confirmed,Dengue,O,"domestic, cattle",9,5,0,0,9,,
189754,OIE,35.9261,4.95,Africa,Algeria,Bordj Bou Arrer,Khelil,Unknown,2014-08-09,2014-08-19,Confirmed,Dengue,O,"domestic, cattle",3,2,0,0,3,,
189753,OIE,36.5193,6.5907,Africa,Algeria,Constantine,Ain Smara,Unknown,2014-08-09,2014-08-19,Confirmed,Dengue,O,"domestic, cattle",14,1,0,0,14,,
189752,OIE,36.1299,3.7354,Africa,Algeria,Bouira,El Hachimia 2,Unknown,2014-08-09,2014-08-19,Confirmed,Dengue,O,"domestic, cattle",2,2,0,0,2,,
189751,OIE,36.2476,1.1974,Africa,Algeria,Chlef,Sendjes,Unknown,2014-08-09,2014-08-19,Confirmed,Dengue,O,"domestic, cattle, domestic, sheep, domestic, goat",7,2,0,0,7,,
189750,OIE,36.0982,4.805,Africa,Algeria,Bordj Bou Arrer,Ras El Oued,Unknown,2014-08-09,2014-08-19,Confirmed,Dengue,O,"domestic, cattle",22,3,0,0,22,,
189749,OIE,36.8137,3.7535,Africa,Algeria,Boumerdes,Afir 5,Unknown,2014-08-09,2014-08-19,Confirmed,Dengue,O,"domestic, cattle",2,2,0,0,2,,
189748,OIE,36.8137,3.7535,Africa,Algeria,Boumerdes,Afir 3,Unknown,2014-08-09,2014-08-19,Confirmed,Dengue,O,"domestic, cattle",7,3,0,0,7,,
189747,OIE,36.7231,4.8639,Africa,Algeria,Bejaia,Timezart,Unknown,2014-08-09,2014-08-19,Confirmed,Dengue,O,"domestic, cattle",1,1,0,0,1,,
189746,OIE,36.8137,3.7535,Africa,Algeria,Boumerdes,Afir 2,Unknown,2014-08-09,2014-08-19,Confirmed,Dengue,O,"domestic, cattle",11,5,0,0,11,,
189745,OIE,36.7548,5.9109,Africa,Algeria,Jijel,El Milia,Unknown,2014-08-09,2014-08-19,Confirmed,Dengue,O,"domestic, cattle",4,1,0,0,4,,
189744,OIE,36.0619,4.8956,Africa,Algeria,Bordj Bou Arrer,Ain Tassera 1,Unknown,2014-08-09,2014-08-19,Confirmed,Dengue,O,"domestic, cattle, domestic, goat, domestic, sheep",66,6,0,0,66,,
189743,OIE,36.4922,3.5994,Africa,Algeria,Bouira,Boukram,Unknown,2014-08-09,2014-08-19,Confirmed,Dengue,O,"domestic, cattle",11,7,0,0,11,,
189742,OIE,36.7231,4.8866,Africa,Algeria,Bejaia,Ait R''Zine 3,Unknown,2014-08-09,2014-08-19,Confirmed,Dengue,O,"domestic, cattle",1,1,0,0,1,,
189741,OIE,36.0619,4.8956,Africa,Algeria,Bordj Bou Arrer,Ain Tasserra 3,Unknown,2014-08-09,2014-08-19,Confirmed,Dengue,O,"domestic, cattle",33,4,0,0,33,,
189740,OIE,36.0619,4.8956,Africa,Algeria,Bordj Bou Arrer,Ain Tasserra 2,Unknown,2014-08-09,2014-08-19,Confirmed,Dengue,O,"domestic, cattle",5,1,0,0,5,,
189739,OIE,36.7684,3.0302,Africa,Algeria,Alger,Reghaia,Unknown,2014-08-08,2014-08-19,Confirmed,Dengue,O,"domestic, cattle",9,4,0,0,9,,
189738,OIE,36.388,6.0106,Africa,Algeria,Mila,Chelgoum Laid 1,Unknown,2014-08-08,2014-08-19,Confirmed,Dengue,O,"domestic, sheep, domestic, cattle",27,3,0,0,27,,
189737,OIE,35.9986,5.5483,Africa,Algeria,Setif,Ouled Adouane 1,Unknown,2014-08-08,2014-08-19,Confirmed,Dengue,O,"domestic, cattle",1,1,0,0,1,,
189736,OIE,36.0257,5.3942,Africa,Algeria,Setif,Bazer 6,Unknown,2014-08-08,2014-08-19,Confirmed,Dengue,O,"domestic, cattle",1,1,0,0,1,,
189735,OIE,36.0257,5.3942,Africa,Algeria,Setif,Bazer 4,Unknown,2014-08-08,2014-08-19,Confirmed,Dengue,O,"domestic, cattle",1,1,0,0,1,,
189734,OIE,36.0801,5.6117,Africa,Algeria,Setif,Ain Azel 2,Unknown,2014-08-08,2014-08-19,Confirmed,Dengue,O,"domestic, cattle",5,1,0,0,5,,
189733,OIE,36.7412,4.1524,Africa,Algeria,Tizi Ouzou,A. Oumalou 2,Unknown,2014-08-08,2014-08-19,Confirmed,Dengue,O,"domestic, cattle",2,1,0,0,2,,
189732,OIE,36.2069,3.8351,Africa,Algeria,Bouira,Ain Bessam 2,Unknown,2014-08-08,2014-08-19,Confirmed,Dengue,O,"domestic, cattle",3,1,0,0,3,,
189731,OIE,36.7865,3.7082,Africa,Algeria,Boumerdes,Bordj Menail 1,Unknown,2014-08-08,2014-08-19,Confirmed,Dengue,O,"domestic, cattle",10,7,0,0,10,,
189730,OIE,36.7865,3.7082,Africa,Algeria,Boumerdes,Bordj Menail 5,Unknown,2014-08-08,2014-08-19,Confirmed,Dengue,O,"domestic, cattle",5,2,0,0,5,,
189729,OIE,36.7593,4.3971,Africa,Algeria,Tizi Ouzou,Azzazga 4,Unknown,2014-08-08,2014-08-19,Confirmed,Dengue,O,"domestic, cattle",10,2,0,0,10,,
189728,OIE,36.7593,4.3971,Africa,Algeria,Tizi Ouzou,Azzazga 3,Unknown,2014-08-08,2014-08-19,Confirmed,Dengue,O,"domestic, cattle",16,3,0,0,16,,
189727,OIE,36.5329,4.6509,Africa,Algeria,Bejaia,Oued Ghir 2,Unknown,2014-08-08,2014-08-19,Confirmed,Dengue,O,"domestic, cattle",1,1,0,0,1,,
189726,OIE,35.8989,2.6386,Africa,Algeria,Medea,M''Fatha 2,Unknown,2014-08-08,2014-08-19,Confirmed,Dengue,O,"domestic, cattle",8,3,0,0,8,,
189725,OIE,36.2567,1.9951,Africa,Algeria,Ain-Defla,Bourached,Unknown,2014-08-08,2014-08-19,Confirmed,Dengue,O,"domestic, cattle",7,1,0,0,7,,
189724,OIE,36.7865,3.7082,Africa,Algeria,Boumerdes,Bordj Menail 4,Unknown,2014-08-08,2014-08-19,Confirmed,Dengue,O,"domestic, cattle",5,4,0,0,5,,
189723,OIE,36.5329,4.6509,Africa,Algeria,Bejaia,Oued Ghir 1,Unknown,2014-08-08,2014-08-19,Confirmed,Dengue,O,"domestic, cattle",4,2,0,0,4,,
189722,OIE,36.8952,7.519,Africa,Algeria,Annaba,El Eulma,Unknown,2014-08-08,2014-08-19,Confirmed,Dengue,O,"domestic, cattle",11,2,0,0,11,,
189721,OIE,35.9986,5.5483,Africa,Algeria,Setif,Ouled Adouane 2,Unknown,2014-08-08,2014-08-19,Confirmed,Dengue,O,"domestic, cattle",2,1,0,0,2,,
189720,OIE,36.0801,5.6117,Africa,Algeria,Setif,Ain Azel 6,Unknown,2014-08-08,2014-08-19,Confirmed,Dengue,O,"domestic, cattle",2,1,0,0,2,,
189719,OIE,36.0801,5.6117,Africa,Algeria,Setif,Ain Azel 1,Unknown,2014-08-08,2014-08-19,Confirmed,Dengue,O,"domestic, cattle",1,1,0,0,1,,
189718,OIE,36.7593,4.3971,Africa,Algeria,Tizi Ouzou,Azzazga 1,Unknown,2014-08-08,2014-08-19,Confirmed,Dengue,O,"domestic, cattle, domestic, goat",21,1,0,0,21,,
189717,OIE,36.0529,4.9047,Africa,Algeria,Bordj Bou Arrer,Bordj Bou Arreridj,Unknown,2014-08-08,2014-08-19,Confirmed,Dengue,O,"domestic, cattle",3,1,0,0,3,,
189716,OIE,36.5329,4.6509,Africa,Algeria,Bejaia,Oued Ghir 3,Unknown,2014-08-08,2014-08-19,Confirmed,Dengue,O,"domestic, cattle",1,1,0,0,1,,
189715,OIE,35.9986,5.5483,Africa,Algeria,Setif,Ouled Adouane 5,Unknown,2014-08-08,2014-08-19,Confirmed,Dengue,O,"domestic, cattle",2,1,0,0,2,,
189714,OIE,35.9986,5.5483,Africa,Algeria,Setif,Ouled Adouane 4,Unknown,2014-08-08,2014-08-19,Confirmed,Dengue,O,"domestic, cattle",4,1,0,0,4,,
189713,OIE,36.7593,4.3971,Africa,Algeria,Tizi Ouzou,Azzazga 2,Unknown,2014-08-08,2014-08-19,Confirmed,Dengue,O,"domestic, cattle",4,1,0,0,4,,
189712,OIE,36.2069,3.8351,Africa,Algeria,Bouira,Ain Bessam 1,Unknown,2014-08-08,2014-08-19,Confirmed,Dengue,O,"domestic, cattle",7,3,0,0,7,,
189711,OIE,36.0801,5.6117,Africa,Algeria,Setif,Ain Azel 5,Unknown,2014-08-08,2014-08-19,Confirmed,Dengue,O,"domestic, cattle",2,1,0,0,2,,
189710,OIE,35.9986,5.5483,Africa,Algeria,Setif,Ouled Adouane 3,Unknown,2014-08-08,2014-08-19,Confirmed,Dengue,O,"domestic, cattle",1,1,0,0,1,,
189709,OIE,36.7865,3.7082,Africa,Algeria,Boumerdes,Bordj Menail 2,Unknown,2014-08-08,2014-08-19,Confirmed,Dengue,O,"domestic, cattle",5,2,0,0,5,,
189708,OIE,36.0801,5.6117,Africa,Algeria,Setif,Ain Azel 4,Unknown,2014-08-08,2014-08-19,Confirmed,Dengue,O,"domestic, cattle",1,1,0,0,1,,
189707,OIE,36.0801,5.6117,Africa,Algeria,Setif,Ain Azel 3,Unknown,2014-08-08,2014-08-19,Confirmed,Dengue,O,"domestic, cattle",1,1,0,0,1,,
189706,OIE,36.0257,5.3942,Africa,Algeria,Setif,Bazer 1,Unknown,2014-08-08,2014-08-19,Confirmed,Dengue,O,"domestic, cattle",2,1,0,0,2,,
189705,OIE,36.0257,5.3942,Africa,Algeria,Setif,Bazer 5,Unknown,2014-08-08,2014-08-19,Confirmed,Dengue,O,"domestic, cattle",3,2,0,0,3,,
189704,OIE,36.0257,5.3942,Africa,Algeria,Setif,Bazer 3,Unknown,2014-08-08,2014-08-19,Confirmed,Dengue,O,"domestic, cattle",1,1,0,0,1,,
189703,OIE,36.2069,3.8351,Africa,Algeria,Bouira,Ain Bessam 3,Unknown,2014-08-08,2014-08-19,Confirmed,Dengue,O,"domestic, cattle",7,1,0,0,7,,
189702,OIE,36.388,6.0106,Africa,Algeria,Mila,Chelgoum Laid 2,Unknown,2014-08-08,2014-08-19,Confirmed,Dengue,O,"domestic, cattle",12,4,0,0,12,,
189701,OIE,35.8989,2.6386,Africa,Algeria,Medea,M''Fatha 1,Unknown,2014-08-08,2014-08-19,Confirmed,Dengue,O,"domestic, goat, domestic, cattle, domestic, sheep",44,8,0,0,44,,
189700,OIE,36.7412,4.1524,Africa,Algeria,Tizi Ouzou,A. Oumalou 1,Unknown,2014-08-08,2014-08-19,Confirmed,Dengue,O,"domestic, cattle",3,1,0,0,3,,
189699,OIE,36.0801,5.6117,Africa,Algeria,Setif,Ain Azel 7,Unknown,2014-08-08,2014-08-19,Confirmed,Dengue,O,"domestic, cattle",3,1,0,0,3,,
189698,OIE,36.4468,6.6813,Africa,Algeria,Constantine,Ibn Ziad,Unknown,2014-08-08,2014-08-19,Confirmed,Dengue,O,"domestic, cattle",1,1,0,0,1,,
189697,OIE,36.0257,5.3942,Africa,Algeria,Setif,Bazer 2,Unknown,2014-08-08,2014-08-19,Confirmed,Dengue,O,"domestic, cattle",2,1,0,0,2,,
189696,OIE,36.7865,3.7082,Africa,Algeria,Boumerdes,Bordj Menail 3,Unknown,2014-08-08,2014-08-19,Confirmed,Dengue,O,"domestic, cattle",2,2,0,0,2,,
189695,OIE,36.4695,4.5421,Africa,Algeria,Bejaia,Draa El Gaid 4,Unknown,2014-08-07,2014-08-19,Confirmed,Dengue,O,"domestic, cattle",1,1,0,0,1,,
189694,OIE,36.3789,5.4939,Africa,Algeria,Setif,El Kebira 2,Unknown,2014-08-07,2014-08-19,Confirmed,Dengue,O,"domestic, cattle",6,1,0,0,6,,
189693,OIE,36.3789,5.4939,Africa,Algeria,Setif,El Kebira 1,Unknown,2014-08-07,2014-08-19,Confirmed,Dengue,O,"domestic, cattle",1,1,0,0,1,,
189692,OIE,36.4695,4.5421,Africa,Algeria,Bejaia,Draa El Gaid 1,Unknown,2014-08-07,2014-08-19,Confirmed,Dengue,O,"domestic, cattle, domestic, goat",9,2,0,0,9,,
189691,OIE,36.4559,3.6448,Africa,Algeria,Bouira,El Khabouzia 1,Unknown,2014-08-07,2014-08-19,Confirmed,Dengue,O,"domestic, cattle",2,1,0,0,2,,
189690,OIE,36.4559,3.6448,Africa,Algeria,Bouira,El Khabouzia 3,Unknown,2014-08-07,2014-08-19,Confirmed,Dengue,O,"domestic, cattle",12,4,0,0,12,,
189689,OIE,36.1887,5.512,Africa,Algeria,Setif,Ain Lahdjar 5,Unknown,2014-08-07,2014-08-19,Confirmed,Dengue,O,"domestic, cattle",2,1,0,0,2,,
189688,OIE,36.1887,5.512,Africa,Algeria,Setif,Ain Lahdjar 3,Unknown,2014-08-07,2014-08-19,Confirmed,Dengue,O,"domestic, cattle",3,1,0,0,3,,
189687,OIE,36.7955,2.9867,Africa,Algeria,Alger,Saoula,Unknown,2014-08-07,2014-08-19,Confirmed,Dengue,O,"domestic, sheep, domestic, cattle",8,2,0,0,8,,
189686,OIE,36.4695,4.5421,Africa,Algeria,Bejaia,Draa El Gaid 6,Unknown,2014-08-07,2014-08-19,Confirmed,Dengue,O,"domestic, cattle",1,1,0,0,1,,
189685,OIE,36.4559,3.6448,Africa,Algeria,Bouira,El Khabouzia 2,Unknown,2014-08-07,2014-08-19,Confirmed,Dengue,O,"domestic, cattle",7,3,0,0,7,,
189684,OIE,35.8808,5.2945,Africa,Algeria,Setif,Beni Ourtilane 6,Unknown,2014-08-07,2014-08-19,Confirmed,Dengue,O,"domestic, cattle",2,1,0,0,2,,
189683,OIE,36.3789,5.4939,Africa,Algeria,Setif,El Kebira 4,Unknown,2014-08-07,2014-08-19,Confirmed,Dengue,O,"domestic, cattle",3,1,0,0,3,,
189682,OIE,36.1887,5.512,Africa,Algeria,Setif,Ain Lahdjar 2,Unknown,2014-08-07,2014-08-19,Confirmed,Dengue,O,"domestic, cattle",1,1,0,0,1,,
189681,OIE,35.8808,5.2945,Africa,Algeria,Setif,Beni Ourtilane 1,Unknown,2014-08-07,2014-08-19,Confirmed,Dengue,O,"domestic, cattle",3,1,0,0,3,,
189680,OIE,36.1887,5.512,Africa,Algeria,Setif,Ain Lahdjar 1,Unknown,2014-08-07,2014-08-19,Confirmed,Dengue,O,"domestic, cattle",4,1,0,0,4,,
189679,OIE,35.4551,5.1585,Africa,Algeria,Batna,Ras El Ayoun,Unknown,2014-08-07,2014-08-19,Confirmed,Dengue,O,"domestic, cattle, domestic, goat, domestic, sheep",17,2,1,0,16,,
189678,OIE,36.465,6.6269,Africa,Algeria,Constantine,Khroub,Unknown,2014-08-07,2014-08-19,Confirmed,Dengue,O,"domestic, cattle",10,5,0,0,10,,
189677,OIE,36.7774,3.6901,Africa,Algeria,Boumerdes,Habet El Ameur 1,Unknown,2014-08-07,2014-08-19,Confirmed,Dengue,O,"domestic, cattle",2,1,0,0,2,,
189676,OIE,36.7593,4.2974,Africa,Algeria,Tizi Ouzou,Tizi Ouzou 3,Unknown,2014-08-07,2014-08-19,Confirmed,Dengue,O,"domestic, cattle",9,4,0,0,9,,
189675,OIE,35.8808,5.2945,Africa,Algeria,Setif,Beni Ourtilane 5,Unknown,2014-08-07,2014-08-19,Confirmed,Dengue,O,"domestic, cattle",3,1,0,0,3,,
189674,OIE,35.8808,5.2945,Africa,Algeria,Setif,Beni Ourtilane 4,Unknown,2014-08-07,2014-08-19,Confirmed,Dengue,O,"domestic, cattle",2,1,0,0,2,,
189673,OIE,36.3201,5.2764,Africa,Algeria,Setif,El Ourcia 3,Unknown,2014-08-07,2014-08-19,Confirmed,Dengue,O,"domestic, cattle",2,1,0,0,2,,
189672,OIE,36.3201,5.2764,Africa,Algeria,Setif,El Ourcia 2,Unknown,2014-08-07,2014-08-19,Confirmed,Dengue,O,"domestic, cattle",5,2,0,0,5,,
189671,OIE,35.5457,6.1556,Africa,Algeria,Batna,Zana El Beida,Unknown,2014-08-07,2014-08-19,Confirmed,Dengue,O,"domestic, cattle",14,3,0,0,14,,
189670,OIE,36.7684,3.7264,Africa,Algeria,Boumerdes,Lagata 1,Unknown,2014-08-07,2014-08-19,Confirmed,Dengue,O,"domestic, cattle",2,1,0,0,2,,
189669,OIE,36.7774,5.9471,Africa,Algeria,Jijel,Jijel,Unknown,2014-08-07,2014-08-19,Confirmed,Dengue,O,"domestic, cattle",9,2,0,0,9,,
189668,OIE,36.0257,4.8775,Africa,Algeria,Bordj Bou Arrer,Ouled Braham 1,Unknown,2014-08-07,2014-08-19,Confirmed,Dengue,O,"domestic, cattle",10,2,0,0,10,,
189667,OIE,36.1842,3.6991,Africa,Algeria,Bouira,Guerrouma,Unknown,2014-08-07,2014-08-19,Confirmed,Dengue,O,"domestic, cattle",22,8,0,0,22,,
189666,OIE,36.7774,3.6901,Africa,Algeria,Boumerdes,Habet El Ameur 2,Unknown,2014-08-07,2014-08-19,Confirmed,Dengue,O,"domestic, cattle",2,1,0,0,2,,
189665,OIE,36.0619,4.8956,Africa,Algeria,Bordj Bou Arrer,Ouled Braham 2,Unknown,2014-08-07,2014-08-19,Confirmed,Dengue,O,"domestic, cattle",6,3,0,0,6,,
189664,OIE,36.4695,4.5421,Africa,Algeria,Bejaia,Draa El Gaid 5,Unknown,2014-08-07,2014-08-19,Confirmed,Dengue,O,"domestic, cattle",1,1,0,0,1,,
189663,OIE,36.4695,4.5421,Africa,Algeria,Bejaia,Draa El Gaid 3,Unknown,2014-08-07,2014-08-19,Confirmed,Dengue,O,"domestic, cattle",2,1,0,0,2,,
189662,OIE,36.3789,5.4939,Africa,Algeria,Setif,El Kebira 5,Unknown,2014-08-07,2014-08-19,Confirmed,Dengue,O,"domestic, cattle",4,1,0,0,4,,
189661,OIE,36.3789,5.4939,Africa,Algeria,Setif,El Kebira 3,Unknown,2014-08-07,2014-08-19,Confirmed,Dengue,O,"domestic, cattle",1,1,0,0,1,,
189660,OIE,35.4189,6.1103,Africa,Algeria,Batna,Djezzar,Unknown,2014-08-07,2014-08-19,Confirmed,Dengue,O,"domestic, cattle",4,2,0,0,4,,
189659,OIE,36.1299,3.7173,Africa,Algeria,Bouira,Ain Bessem,Unknown,2014-08-07,2014-08-19,Confirmed,Dengue,O,"domestic, cattle",7,1,0,0,7,,
189658,OIE,36.7685,5.9745,Africa,Algeria,Jijel,Oujama,Unknown,2014-08-07,2014-08-19,Confirmed,Dengue,O,"domestic, cattle",7,1,0,0,7,,
189657,OIE,36.1616,4.4152,Africa,Algeria,Bordj Bou Arrer,Hasnaoua,Unknown,2014-08-07,2014-08-19,Confirmed,Dengue,O,"domestic, cattle",3,1,0,0,3,,
189656,OIE,35.8808,5.2945,Africa,Algeria,Setif,Beni Ourtilane 3,Unknown,2014-08-07,2014-08-19,Confirmed,Dengue,O,"domestic, cattle",1,1,0,0,1,,
189655,OIE,35.8808,5.2945,Africa,Algeria,Setif,Beni Ourtilane 2,Unknown,2014-08-07,2014-08-19,Confirmed,Dengue,O,"domestic, cattle",1,1,0,0,1,,
189654,OIE,36.3201,5.2764,Africa,Algeria,Setif,El Ourcia 4,Unknown,2014-08-07,2014-08-19,Confirmed,Dengue,O,"domestic, cattle",1,1,0,0,1,,
189653,OIE,36.7593,4.2974,Africa,Algeria,Tizi Ouzou,Tizi Ouzou 2,Unknown,2014-08-07,2014-08-19,Confirmed,Dengue,O,"domestic, cattle",1,1,0,0,1,,
189652,OIE,36.4695,4.5421,Africa,Algeria,Bejaia,Draa El Gaid 2,Unknown,2014-08-07,2014-08-19,Confirmed,Dengue,O,"domestic, cattle",2,1,0,0,2,,
189651,OIE,36.7684,3.7264,Africa,Algeria,Boumerdes,Lagata 2,Unknown,2014-08-07,2014-08-19,Confirmed,Dengue,O,"domestic, cattle",3,1,0,0,3,,
189650,OIE,36.7593,4.2974,Africa,Algeria,Tizi Ouzou,Tizi Ouzou 1,Unknown,2014-08-07,2014-08-19,Confirmed,Dengue,O,"domestic, cattle",18,9,0,0,18,,
189649,OIE,36.1887,5.512,Africa,Algeria,Setif,Ain Lahdjar 4,Unknown,2014-08-07,2014-08-19,Confirmed,Dengue,O,"domestic, cattle",2,1,0,0,2,,
189648,OIE,36.3201,5.2764,Africa,Algeria,Setif,El Ourcia 1,Unknown,2014-08-07,2014-08-19,Confirmed,Dengue,O,"domestic, cattle",2,1,0,0,2,,
189471,OIE,36.849088,11.102204,Africa,Tunisia,Nabeul,kelibia,Centroid Admin2,2014-07-24,2014-08-15,Confirmed,Dengue,O,"domestic, cattle, domestic, goat/sheep ",15,3,0,0,0,,
189470,OIE,36.490719,9.96607,Africa,Tunisia,Zaghouan,ain safsaf bir mchargua,Centroid Admin2,2014-07-19,2014-08-15,Confirmed,Dengue,O,"domestic, cattle",11,11,0,0,,,
189469,OIE,36.499827,10.027353,Africa,Tunisia,Zaghouan,Ain safsaf bir mchergua,Centroid Admin2,2014-07-19,2014-08-15,Confirmed,Dengue,O,"domestic, cattle",5,5,0,0,,,
189468,OIE,35.928599,10.018873,Africa,Tunisia,Kairouan,Sidi messoud,Centroid Admin2,2014-07-19,2014-08-15,Confirmed,Dengue,O,"domestic, cattle, domestic, goat/sheep ",29,8,0,0,0,,
189467,OIE,34.426503,8.797865,Africa,Tunisia,Gafsa,gafsa sud,Centroid Admin2,2014-07-15,2014-08-15,Confirmed,Dengue,O,"domestic, cattle, domestic, goat/sheep ",139,3,0,0,0,,
189466,OIE,36.861694,10.284472,Africa,Tunisia,Tunis,Ain zaghouan La marsa,Centroid Admin2,2014-07-15,2014-08-15,Confirmed,Dengue,O,"domestic, cattle",3,2,0,0,,,
189096,OIE,36.6778,4.1071,Africa,Algeria,Tizi Ouzou,Draa El Mizane,Unknown,2014-08-04,2014-08-07,Confirmed,Dengue,O,"domestic, cattle",8,4,0,0,8,,
189095,OIE,36.7974,3.003,Africa,Algeria,Alger,Rouiba,Unknown,2014-08-03,2014-08-07,Confirmed,Dengue,O,"domestic, cattle",12,3,0,0,12,,
189094,OIE,36.7321,4.2158,Africa,Algeria,Tizi Ouzou,Mekla,Unknown,2014-08-03,2014-08-07,Confirmed,Dengue,O,"domestic, cattle",60,29,0,0,60,,
189093,OIE,36.0574,2.8471,Africa,Algeria,Medea,Bir Ben Abed,Unknown,2014-08-03,2014-08-07,Confirmed,Dengue,O,"domestic, cattle",2,2,0,0,2,,
189092,OIE,36.5827,3.0284,Africa,Algeria,Blida,El Braghta,Unknown,2014-08-02,2014-08-07,Confirmed,Dengue,O,"domestic, cattle, domestic, sheep",33,4,0,0,33,,
189091,OIE,36.2521,3.8986,Africa,Algeria,Bouira,Sig,Unknown,2014-08-02,2014-08-07,Confirmed,Dengue,O,"domestic, cattle",2,1,0,0,2,,
189090,OIE,36.1571,2.9105,Africa,Algeria,Medea,Beni Slimane,Unknown,2014-08-02,2014-08-07,Confirmed,Dengue,O,"domestic, cattle",2,1,0,0,2,,
189089,OIE,36.1072,4.805,Africa,Algeria,Bordj Bou Arrer,Bordj Zemoura,Unknown,2014-08-02,2014-08-07,Confirmed,Dengue,O,"domestic, cattle",13,2,0,0,13,,
189088,OIE,36.2778,3.7852,Africa,Algeria,Bouira,Ait Laaziz,Unknown,2014-08-02,2014-08-07,Confirmed,Dengue,O,"domestic, cattle",2,2,0,0,2,,
189087,OIE,36.6234,4.8232,Africa,Algeria,Bejaia,Tizi Berber,Unknown,2014-08-02,2014-08-07,Confirmed,Dengue,O,"domestic, cattle",2,1,0,0,2,,
189086,OIE,36.7122,4.1451,Africa,Algeria,Tizi Ouzou,Ait Abdelmoumene,Unknown,2014-08-01,2014-08-07,Confirmed,Dengue,O,"domestic, cattle",18,3,0,0,18,,
189085,OIE,36.6958,4.8373,Africa,Algeria,Bejaia,Saddouk,Unknown,2014-07-31,2014-08-07,Confirmed,Dengue,O,"domestic, cattle",25,4,0,0,25,,
189084,OIE,36.7276,4.1433,Africa,Algeria,Tizi Ouzou,Timizart Loghbal,Unknown,2014-07-31,2014-08-07,Confirmed,Dengue,O,"domestic, cattle",57,38,0,0,57,,
189083,OIE,36.6688,4.2792,Africa,Algeria,Tizi Ouzou,Ait Ailene,Unknown,2014-07-31,2014-08-07,Confirmed,Dengue,O,"domestic, cattle",5,3,0,0,5,,
189082,OIE,36.7865,3.003,Africa,Algeria,Alger,Suidania,Unknown,2014-07-31,2014-08-07,Confirmed,Dengue,O,"domestic, cattle",3,3,0,0,3,,
189081,OIE,36.4695,3.6629,Africa,Algeria,Bouira,Taghzout,Unknown,2014-07-30,2014-08-07,Confirmed,Dengue,O,"domestic, cattle",10,5,0,0,10,,
189080,OIE,36.781,3.0085,Africa,Algeria,Alger,Cheraga,Unknown,2014-07-30,2014-08-07,Confirmed,Dengue,O,"domestic, sheep, domestic, cattle",28,12,0,0,28,,
189079,OIE,36.8137,4.7869,Africa,Algeria,Bejaia,Darguina,Unknown,2014-07-30,2014-08-07,Confirmed,Dengue,O,"domestic, cattle",1,1,0,0,1,,
189078,OIE,36.2612,3.7989,Africa,Algeria,Bouira,Bouira,Unknown,2014-07-30,2014-08-07,Confirmed,Dengue,O,"domestic, cattle, domestic, sheep",5,3,0,0,5,,
189077,OIE,35.5638,6.1103,Africa,Algeria,Batna,Ksar Belezma,Unknown,2014-07-30,2014-08-07,Confirmed,Dengue,O,"domestic, cattle",4,4,0,0,4,,
189076,OIE,36.1072,4.796,Africa,Algeria,Bordj Bou Arrer,El Anasser,Unknown,2014-07-30,2014-08-07,Confirmed,Dengue,O,"domestic, cattle",4,2,0,0,4,,
189075,OIE,36.2567,6.8898,Africa,Algeria,Constantine,Ain Abid,Unknown,2014-07-30,2014-08-07,Confirmed,Dengue,O,"domestic, cattle",6,3,0,0,6,,
189074,OIE,36.6867,4.7824,Africa,Algeria,Bejaia,Kheratta,Unknown,2014-07-30,2014-08-07,Confirmed,Dengue,O,"domestic, cattle",1,1,0,0,1,,
189073,OIE,36.0982,5.0951,Africa,Algeria,Bordj Bou Arrer,Ain Taghrout,Unknown,2014-07-30,2014-08-07,Confirmed,Dengue,O,"domestic, cattle",35,7,1,0,34,,
189072,OIE,36.4695,3.6629,Africa,Algeria,Bouira,Taghzout,Unknown,2014-07-30,2014-08-07,Confirmed,Dengue,O,"domestic, cattle",4,3,1,0,3,,
189071,OIE,36.714,4.1705,Africa,Algeria,Tizi Ouzou,Imsouhel,Unknown,2014-07-30,2014-08-07,Confirmed,Dengue,O,"domestic, cattle",3,3,0,0,3,,
189070,OIE,35.5049,5.9562,Africa,Algeria,Batna,El Hassi,Unknown,2014-07-30,2014-08-07,Confirmed,Dengue,O,"domestic, cattle",2,2,0,0,2,,
189069,OIE,36.0982,4.9591,Africa,Algeria,Bordj Bou Arrer,Bordj Ghdir,Unknown,2014-07-30,2014-08-07,Confirmed,Dengue,O,"domestic, cattle",12,3,0,0,12,,
189068,OIE,36.1724,4.6618,Africa,Algeria,Bordj Bou Arrer,Sedrata,Unknown,2014-07-29,2014-08-07,Confirmed,Dengue,O,"domestic, cattle",45,4,0,0,45,,
189067,OIE,36.2793,3.7807,Africa,Algeria,Bouira,Chorfa,Unknown,2014-07-29,2014-08-07,Confirmed,Dengue,O,"domestic, cattle",14,14,0,0,14,,
189066,OIE,36.6778,4.8866,Africa,Algeria,Bejaia,Béjaia,Unknown,2014-07-29,2014-08-07,Confirmed,Dengue,O,"domestic, cattle",13,13,0,0,13,,
189065,OIE,36.1299,5.4758,Africa,Algeria,Setif,Sétif,Unknown,2014-07-29,2014-08-07,Confirmed,Dengue,O,"domestic, cattle",47,12,0,0,47,,
189064,OIE,34.6038,3.3184,Africa,Algeria,Djelfa,Faidh El Botma,Unknown,2014-07-29,2014-08-07,Confirmed,Dengue,O,"domestic, cattle, domestic, sheep, domestic, goat",115,3,1,0,114,,
189063,OIE,36.1344,4.7778,Africa,Algeria,Bordj Bou Arrer,Boubetikh,Unknown,2014-07-29,2014-08-07,Confirmed,Dengue,O,"domestic, cattle",24,9,0,0,24,,
189062,OIE,36.2974,3.8804,Africa,Algeria,Bouira,Ain El Turc,Unknown,2014-07-29,2014-08-07,Confirmed,Dengue,O,"domestic, cattle",2,1,0,0,2,,
189061,OIE,36.234,3.8714,Africa,Algeria,Bouira,Guerouma,Unknown,2014-07-29,2014-08-07,Confirmed,Dengue,O,"domestic, cattle",24,10,0,0,24,,
189060,OIE,36.705,4.805,Africa,Algeria,Bejaia,Boukhelifa,Unknown,2014-07-29,2014-08-07,Confirmed,Dengue,O,"domestic, cattle",4,4,0,0,4,,
189059,OIE,36.1797,5.4531,Africa,Algeria,Setif,Bir El Arch,Unknown,2014-07-28,2014-08-07,Confirmed,Dengue,O,"domestic, cattle",2,2,0,0,2,,
189058,OIE,36.4378,5.0769,Africa,Algeria,Setif,Ain Oulmène,Unknown,2014-07-28,2014-08-07,Confirmed,Dengue,O,"domestic, cattle",1,1,0,0,1,,
189057,OIE,36.1117,5.503,Africa,Algeria,Setif,Beni Chébana,Unknown,2014-07-28,2014-08-07,Confirmed,Dengue,O,"domestic, cattle",4,1,0,0,4,,
189056,OIE,36.4197,6.6632,Africa,Algeria,Constantine,El Khroub,Unknown,2014-07-28,2014-08-07,Confirmed,Dengue,O,"domestic, cattle, domestic, sheep",98,3,0,0,98,,
189055,OIE,36.1072,2.9196,Africa,Algeria,Medea,Benchicao,Unknown,2014-07-28,2014-08-07,Confirmed,Dengue,O,"domestic, cattle",7,7,1,0,6,,
189054,OIE,36.0801,5.4848,Africa,Algeria,Setif,Boumzar,Unknown,2014-07-27,2014-08-07,Confirmed,Dengue,O,"domestic, cattle",1080,101,75,0,1005,,
187970,OIE,36.1072,5.4214,Africa,Algeria,Setif,El ouldja Bir El Arch,Unknown,2014-07-23,2014-07-28,Confirmed,Dengue,O,"domestic, cattle",14,4,0,0,4,,
187723,OIE,36.746507,9.81966,Africa,Tunisia,Manouba,Borj toumi Elbattan,Centroid Admin2,2014-07-14,2014-07-21,Confirmed,Dengue,O,"domestic, cattle",4,2,0,0,,,
187722,OIE,33.537634,10.674677,Africa,Tunisia,Medenine,Boughrara Medenine sud,Centroid Admin2,2014-07-11,2014-07-21,Confirmed,Dengue,O,"domestic, cattle",6,1,0,0,,,
187721,OIE,36.797109,9.832019,Africa,Tunisia,Manouba,Zouitina Elbattan,Centroid Admin2,2014-07-11,2014-07-21,Confirmed,Dengue,O,"domestic, cattle, domestic, sheep",156,2,0,0,,,
187720,OIE,35.380758,10.160435,Africa,Tunisia,Kairouan,Ouled Lahjallah Bouhajla,Centroid Admin2,2014-07-07,2014-07-21,Confirmed,Dengue,O,"domestic, cattle",70,1,0,0,,,
187719,OIE,36.613632,8.96436,Africa,Tunisia,Jendouba,Mguassim Boussalem,Centroid Admin2,2014-07-04,2014-07-21,Confirmed,Dengue,O,"domestic, cattle",21,21,0,0,,,
187718,OIE,36.665061,8.610706,Africa,Tunisia,Jendouba,Rabiaa Fernana,Centroid Admin2,2014-07-01,2014-07-21,Confirmed,Dengue,O,"domestic, cattle",8,8,0,0,,,
187717,OIE,34.793,10.785527,Africa,Tunisia,Sfax,Bdarna,Centroid Admin2,2014-06-29,2014-07-21,Confirmed,Dengue,O,"domestic, cattle",43,2,0,0,,,
187458,OIE,36.782393,10.987843,Africa,Tunisia,Nabeul,Menzel Temim,Unknown,2014-05-12,2014-05-21,Confirmed,Dengue,O,"domestic, cattle",10,1,0,0,0,,
187398,OIE,36.831734,9.849822,Africa,Tunisia,Manouba,Tebourba,Unknown,2014-07-01,2014-07-07,Confirmed,Dengue,O,"domestic, cattle, domestic, goat, domestic, sheep",29,1,,,,,
187397,OIE,36.76205,10.02111,Africa,Tunisia,Manouba,Bassatine Mornaguia,Unknown,2014-06-23,2014-07-07,Confirmed,Dengue,O,"domestic, cattle",5,4,,,,,
187396,OIE,36.522768,9.107108,Africa,Tunisia,Beja,Ain defla Thibar,Unknown,2014-06-23,2014-07-07,Confirmed,Dengue,O,"domestic, cattle",3,2,,,,,
187395,OIE,34.552826,9.772339,Africa,Tunisia,Sidi Bouz,Founi Mazzouna,Unknown,2014-06-18,2014-07-07,Confirmed,Dengue,O,"domestic, goat, domestic, sheep",100,13,,,,,
187284,OIE,36.303406,10.216631,Africa,Tunisia,Zaghouan,El jouf Zriba,Unknown,2014-06-23,2014-07-01,Confirmed,Dengue,O,"domestic, cattle",3,3,,,,,
187283,OIE,36.895136,10.164623,Africa,Tunisia,Ariana,Chotrana 1 Soukra,Unknown,2014-06-22,2014-07-01,Confirmed,Dengue,O,"domestic, cattle",12,1,,,,,
187282,OIE,36.538915,9.67062,Africa,Tunisia,Beja,Chikh elwedyen Goubellat,Unknown,2014-06-21,2014-07-01,Confirmed,Dengue,O,"domestic, cattle",5,1,,,,,
187281,OIE,36.53892,9.670618,Africa,Tunisia,Beja,Chikh elwedyen Goubellat,Unknown,2014-06-21,2014-07-01,Confirmed,Dengue,O,"domestic, cattle",8,8,,,,,
187280,OIE,36.739978,9.18087,Africa,Tunisia,Beja,Azra Beja nord,Unknown,2014-06-21,2014-07-01,Confirmed,Dengue,O,"domestic, cattle",7,3,,,,,
187279,OIE,36.740476,9.181085,Africa,Tunisia,Beja,El manchar Beja nord,Unknown,2014-06-21,2014-07-01,Confirmed,Dengue,O,"domestic, cattle, domestic, sheep, domestic, goat",105,13,,,,,
187278,OIE,36.912714,10.28413,Africa,Tunisia,Tunis,Ghammart La marsa,Unknown,2014-06-18,2014-07-01,Confirmed,Dengue,O,"domestic, cattle, domestic, sheep, domestic, goat",34,1,,,,,
187277,OIE,36.712858,10.164605,Africa,Tunisia,Ben Arous,Mghira centre Mghira,Unknown,2014-06-17,2014-07-01,Confirmed,Dengue,O,"domestic, cattle, domestic, sheep",9,2,,,,,
187276,OIE,36.411439,10.622685,Africa,Tunisia,Nabeul,Mnaret Hamamet Hammamet,Unknown,2014-06-15,2014-07-01,Confirmed,Dengue,O,"domestic, goat, domestic, sheep",76,11,,,,,
187275,OIE,36.17576,8.72674,Africa,Tunisia,Le Kef,Zaafran Le Kef est,Unknown,2014-06-15,2014-07-01,Confirmed,Dengue,O,"domestic, sheep, domestic, cattle",83,2,,,,,
187274,OIE,36.64009,10.197818,Africa,Tunisia,Ben Arous,Khelidia Mornag,Unknown,2014-06-14,2014-07-01,Confirmed,Dengue,O,"domestic, sheep",55,15,,,,,
187273,OIE,34.745575,10.702529,Africa,Tunisia,Sfax,Thyna,Unknown,2014-06-14,2014-07-01,Confirmed,Dengue,O,"domestic, cattle, domestic, sheep",51,5,,,,,
187272,OIE,34.574411,10.588245,Africa,Tunisia,Sfax,Nakta Mahres,Unknown,2014-06-13,2014-07-01,Confirmed,Dengue,O,"domestic, cattle, domestic, sheep",28,1,,,,,
187271,OIE,36.460564,9.248573,Africa,Tunisia,Beja,Rihana Teboursok,Unknown,2014-06-12,2014-07-01,Confirmed,Dengue,O,"domestic, cattle",65,55,,,,,
187270,OIE,36.87624,9.930346,Africa,Tunisia,Manouba,Jedaida,Unknown,2014-06-11,2014-07-01,Confirmed,Dengue,O,"domestic, cattle, domestic, sheep",48,2,,,,,
187269,OIE,36.7148,9.879647,Africa,Tunisia,Manouba,Messaidine Borj el Amri,Unknown,2014-06-11,2014-07-01,Confirmed,Dengue,O,"domestic, cattle",4,3,,,,,
187268,OIE,35.29537,10.717292,Africa,Tunisia,Mahdia,Mchelet El jem,Unknown,2014-06-09,2014-07-01,Confirmed,Dengue,O,"domestic, cattle",2,2,,,,,
187267,OIE,36.728707,10.851856,Africa,Tunisia,Nabeul,Fartouna El mida,Unknown,2014-06-06,2014-07-01,Confirmed,Dengue,O,"domestic, cattle, domestic, sheep",6,1,,,,,
186244,OIE,35.892257,8.54525,Africa,Tunisia,Le Kef,Menzel salem,Unknown,2014-06-08,2014-06-12,Confirmed,Dengue,O,"domestic, cattle, domestic, goat/sheep ",198,1,,,,,
186243,OIE,36.72431,9.171724,Africa,Tunisia,Beja,Bouhzam,Unknown,2014-06-07,2014-06-12,Confirmed,Dengue,O,"domestic, cattle, domestic, sheep",182,1,,,,,
186242,OIE,36.963102,9.108696,Africa,Tunisia,Beja,Jimla,Unknown,2014-06-06,2014-06-12,Confirmed,Dengue,O,"domestic, cattle, domestic, sheep",101,2,,,,,
186241,OIE,34.542886,9.252726,Africa,Tunisia,Gafsa,Ouled Tlijen,Unknown,2014-06-04,2014-06-12,Confirmed,Dengue,O,"domestic, cattle",2,1,,,,,
186240,OIE,36.653054,10.85229,Africa,Tunisia,Nabeul,Bir drassen,Unknown,2014-06-03,2014-06-12,Confirmed,Dengue,O,"domestic, sheep, domestic, cattle, domestic, goat",65,4,,,,,
186238,OIE,35.690205,10.834946,Africa,Tunisia,Monastir,Berrohej,Unknown,2014-06-03,2014-06-12,Confirmed,Dengue,O,"domestic, sheep, domestic, cattle",145,9,,,,,
186237,OIE,34.332638,8.404783,Africa,Tunisia,Gafsa,Town Saada,Unknown,2014-06-02,2014-06-12,Confirmed,Dengue,O,"domestic, sheep, domestic, goat",90,10,,,,,
186236,OIE,34.528647,9.792595,Africa,Tunisia,Sidi Bouz,Khwag,Unknown,2014-06-01,2014-06-12,Confirmed,Dengue,O,"domestic, sheep, domestic, goat",90,10,,,,,
186235,OIE,35.591008,9.056146,Africa,Tunisia,Kasserine,Ain Hamada,Centroid Admin2,2014-06-01,2014-06-12,Confirmed,Dengue,O,"domestic, sheep",60,7,,,,,
186230,OIE,34.680956,10.710962,Africa,Tunisia,Sfax,Sidi Abid,Centroid Admin2,2014-06-01,2014-06-12,Confirmed,Dengue,O,"domestic, sheep, domestic, cattle",65,4,,,,,
186219,OIE,33.151847,10.491293,Africa,Tunisia,Tataouine,Ksar ouled boubaker,Centroid Admin2,2014-05-30,2014-06-12,Confirmed,Dengue,O,"domestic, sheep",6,2,,,,,
186216,OIE,35.1758724402,11.028943,Africa,Tunisia,Mahdia,Ouled Jabalah,Centroid Admin2,2014-05-30,2014-06-12,Confirmed,Dengue,O,"domestic, cattle, domestic, goat/sheep ",63,2,,,,,
186215,OIE,34.693391,10.691371,Africa,Tunisia,Sfax,Sidi Abdelkafi,Unknown,2014-05-30,2014-06-12,Confirmed,Dengue,O,"domestic, cattle, domestic, goat/sheep ",92,8,,,,,
186214,OIE,32.698182,10.952811,Africa,Tunisia,Tataouine,Gharieni,Unknown,2014-05-30,2014-06-12,Confirmed,Dengue,O,"domestic, cattle, domestic, sheep",245,32,,,,,
186213,OIE,37.067495,10.118813,Africa,Tunisia,Ariana,Bouhnach,Unknown,2014-05-30,2014-06-12,Confirmed,Dengue,O,"domestic, cattle",3,3,,,,,
186212,OIE,36.604113,10.85229,Africa,Tunisia,Nabeul,Ain tbornok,Unknown,2014-05-29,2014-06-12,Confirmed,Dengue,O,"domestic, cattle, domestic, goat/sheep ",33,2,,,,,
186211,OIE,36.643828,10.18084,Africa,Tunisia,Ben Arous,Khlidia,Unknown,2014-05-29,2014-06-12,Confirmed,Dengue,O,"domestic, cattle",29,5,,,,,
186210,OIE,34.356622,9.348764,Africa,Tunisia,Gafsa,Baten Zamour,Unknown,2014-05-26,2014-06-12,Confirmed,Dengue,O,"domestic, cattle, domestic, goat/sheep ",116,6,,,,,
186209,OIE,34.329187,8.397503,Africa,Tunisia,Gafsa,Elmagroun,Unknown,2014-05-26,2014-06-12,Confirmed,Dengue,O,"domestic, cattle, domestic, goat/sheep ",85,2,,,,,
186208,OIE,36.689324,10.18084,Africa,Tunisia,Ben Arous,Sidi saad,Unknown,2014-05-26,2014-06-12,Confirmed,Dengue,O,"domestic, cattle",1,1,,,,,
186207,OIE,35.031698,9.456782,Africa,Tunisia,Sidi Bouz,Bannour,Unknown,2014-05-25,2014-06-12,Confirmed,Dengue,O,"domestic, cattle",820,90,,,,,
186206,OIE,37.062084,10.109758,Africa,Tunisia,Ariana,Kaalat el Andalous,Unknown,2014-05-24,2014-06-12,Confirmed,Dengue,O,"domestic, cattle",37,10,,,,,
186205,OIE,37.232698,9.91025,Africa,Tunisia,Bizerte,Azib,Unknown,2014-05-23,2014-06-12,Confirmed,Dengue,O,"domestic, cattle, domestic, sheep",219,44,0,,,,
186204,OIE,36.579422,10.85229,Africa,Tunisia,Nabeul,Korba west,Unknown,2014-05-23,2014-06-12,Confirmed,Dengue,O,"domestic, cattle",8,3,,,,,
186203,OIE,34.328975,8.410592,Africa,Tunisia,Gafsa,Mzara,Unknown,2014-05-23,2014-06-12,Confirmed,Dengue,O,"domestic, sheep, domestic, goat",21,3,,,,,
186202,OIE,36.765197,10.186839,Africa,Tunisia,Tunis,El Ouerdia,Unknown,2014-05-22,2014-06-12,Confirmed,Dengue,O,"domestic, sheep",1,1,,,,,
186201,OIE,37.143962,9.775139,Africa,Tunisia,Bizerte,El Alia north,Unknown,2014-05-17,2014-06-12,Confirmed,Dengue,O,"domestic, sheep",25,20,,,,,
186200,OIE,37.143962,9.775139,Africa,Tunisia,Bizerte,Menzel Bourguiba,Unknown,2014-05-17,2014-06-12,Confirmed,Dengue,O,"domestic, cattle, domestic, sheep",76,3,,,,,
186199,OIE,37.062221,10.110787,Africa,Tunisia,Ariana,Kaalat el Andalous,Unknown,2014-05-17,2014-06-12,Confirmed,Dengue,O,"domestic, cattle",2,2,,,,,
186184,OIE,36.840252,9.854608,Africa,Tunisia,Manouba,Lansarine,Unknown,2014-05-28,2014-06-10,Confirmed,Dengue,O,"domestic, cattle, domestic, sheep",36,3,,,,,
186081,OIE,34.828855,9.374911,Africa,Tunisia,Sidi Bouz,Hichria,Unknown,2014-05-20,2014-05-29,Confirmed,Dengue,O,"domestic, sheep, domestic, cattle",211,17,,,,,
186080,OIE,32.950198,10.366624,Africa,Tunisia,Tataouine,Samar,Unknown,2014-05-20,2014-05-29,Confirmed,Dengue,O,"domestic, sheep",240,9,,,,,
186079,OIE,34.83725,9.753056,Africa,Tunisia,Sidi Bouz,Gouleb,Unknown,2014-05-20,2014-05-29,Confirmed,Dengue,O,"domestic, sheep",12,6,,,,,
186078,OIE,35.094958,9.529606,Africa,Tunisia,Sidi Bouz,Lessouda,Unknown,2014-05-18,2014-05-29,Confirmed,Dengue,O,"domestic, sheep",300,44,,,,,
186077,OIE,36.579634,10.854763,Africa,Tunisia,Nabeul,Boujrida,Unknown,2014-05-18,2014-05-29,Confirmed,Dengue,O,"domestic, sheep, domestic, cattle, domestic, goat",64,11,,,,,
186076,OIE,36.95703,10.179018,Africa,Tunisia,Ariana,Zriba,Unknown,2014-05-17,2014-05-29,Confirmed,Dengue,O,"domestic, sheep, domestic, cattle",19,1,,,,,
186075,OIE,35.184429,9.383022,Africa,Tunisia,Sidi Bouz,Ghdir,Unknown,2014-05-17,2014-05-29,Confirmed,Dengue,O,"domestic, sheep, domestic, cattle",135,3,,,,,
186074,OIE,34.698445,10.700869,Africa,Tunisia,Sfax,Sidi Abdelkafi,Unknown,2014-05-16,2014-05-29,Confirmed,Dengue,O,"domestic, sheep, domestic, cattle",14,1,,,,,
186073,OIE,36.795347,10.141672,Africa,Tunisia,Tunis,Elhmiret Birine,Unknown,2014-05-05,2014-05-29,Confirmed,Dengue,O,"domestic, sheep, domestic, cattle",63,1,,,,,
185410,OIE,35.891327,8.887661,Africa,Tunisia,Le Kef,Ain gsibba,Unknown,2014-05-15,2014-05-21,Confirmed,Dengue,O,"domestic, sheep, domestic, goat, domestic, cattle",114,4,,,,,
185409,OIE,32.308933,10.388389,Africa,Tunisia,Tataouine,Bir Amir,Unknown,2014-05-15,2014-05-21,Confirmed,Dengue,O,"domestic, sheep, domestic, goat",340,50,,,,,
185408,OIE,34.960308,10.444908,Africa,Tunisia,Sfax,Mejel Darej,Unknown,2014-05-15,2014-05-21,Confirmed,Dengue,O,"domestic, cattle",12,2,,,,,
185407,OIE,36.699777,10.484652,Africa,Tunisia,Nabeul,Soliman,Unknown,2014-05-14,2014-05-21,Confirmed,Dengue,O,"domestic, cattle",36,2,,,,,
185406,OIE,34.33367,9.30114,Africa,Tunisia,Gafsa,Bir Brad,Unknown,2014-05-13,2014-05-21,Confirmed,Dengue,O,"domestic, sheep, domestic, cattle",183,1,0,0,0,,
185405,OIE,34.733498,10.0926,Africa,Tunisia,Sfax,Nadhour,Unknown,2014-05-13,2014-05-21,Confirmed,Dengue,O,"domestic, sheep",13,2,0,0,0,,
185404,OIE,36.782393,10.987843,Africa,Tunisia,Nabeul,Menzel Temim,Unknown,2014-05-12,2014-05-21,Confirmed,Dengue,O,"domestic, cattle",10,1,0,0,0,,
185403,OIE,36.782393,10.987843,Africa,Tunisia,Nabeul,Menzel Temim,Unknown,2014-05-12,2014-05-21,Confirmed,Dengue,O,"domestic, cattle",17,3,0,0,0,,
185402,OIE,36.325019,8.751645,Africa,Tunisia,Le Kef,Sarkouna,Unknown,2014-05-09,2014-05-21,Confirmed,Dengue,O,"domestic, goat, domestic, cattle, domestic, sheep",50,1,0,0,0,,
185401,OIE,32.904542,10.388389,Africa,Tunisia,Tataouine,Rogba,Unknown,2014-05-09,2014-05-21,Confirmed,Dengue,O,"domestic, goat",23,3,0,0,0,,
185400,OIE,35.03444,9.27108,Africa,Tunisia,Kasserine,Sidi Salem,Unknown,2014-04-30,2014-05-21,Confirmed,Dengue,O,"domestic, cattle, domestic, sheep",21,2,0,0,0,,
185198,OIE,34.81725,9.733056,Africa,Tunisia,Sidi Bouz,Gouleb,Unknown,2014-05-07,2014-05-13,Confirmed,Dengue,O,"domestic, sheep, domestic, cattle",52,2,,,,,
185197,OIE,36.478372,10.768053,Africa,Tunisia,Nabeul,Amroun,Unknown,2014-05-07,2014-05-13,Confirmed,Dengue,O,"domestic, sheep",7,1,,,,,
185196,OIE,35.17583,9.51944,Africa,Tunisia,Sidi Bouz,Bannour,Unknown,2014-05-06,2014-05-13,Confirmed,Dengue,O,"domestic, cattle, domestic, sheep",38,4,,,,,
185195,OIE,36.575797,10.518444,Africa,Tunisia,Nabeul,Turki,Unknown,2014-05-06,2014-05-13,Confirmed,Dengue,O,"domestic, cattle",2,1,,,,,
185194,OIE,35.02361,9.48639,Africa,Tunisia,Sidi Bouz,Lahouez,Unknown,2014-05-06,2014-05-13,Confirmed,Dengue,O,"domestic, sheep, domestic, cattle",16,1,0,0,0,,
185193,OIE,35.58509,8.635326,Africa,Tunisia,Kasserine,Sidi Mhammed,Unknown,2014-05-05,2014-05-13,Confirmed,Dengue,O,"domestic, sheep, domestic, goat",275,20,0,0,0,,
185192,OIE,35.16083,9.54694,Africa,Tunisia,Sidi Bouz,Edhraa,Unknown,2014-05-04,2014-05-13,Confirmed,Dengue,O,"domestic, cattle",2,2,0,0,0,,
185191,OIE,35.629999,10.829999,Africa,Tunisia,Monastir,Touza,Unknown,2014-05-04,2014-05-13,Confirmed,Dengue,O,"domestic, cattle",10,5,0,0,0,,
185190,OIE,35.050613,8.43503,Africa,Tunisia,Kasserine,Ome Ali,Unknown,2014-05-04,2014-05-13,Confirmed,Dengue,O,"domestic, sheep",19,11,0,0,0,,
185189,OIE,35.02117,9.53361,Africa,Tunisia,Sidi Bouz,Lahouez,Centroid Admin2,2014-05-03,2014-05-13,Confirmed,Dengue,O,"domestic, cattle, domestic, sheep",12,1,0,0,0,,
185188,OIE,35.601,10.106,Africa,Tunisia,Kairouan,Margellil,Unknown,2014-05-01,2014-05-13,Confirmed,Dengue,O,"domestic, sheep",240,80,0,0,0,,
185187,OIE,35.386987,9.507049,Africa,Tunisia,Kairouan,Dima Oued lahjal,Centroid Admin2,2014-05-01,2014-05-13,Confirmed,Dengue,O,"domestic, cattle",95,1,0,0,0,,
185186,OIE,35.13472,9.54861,Africa,Tunisia,Sidi Bouz,El Ogla,Centroid Admin2,2014-05-01,2014-05-13,Confirmed,Dengue,O,"domestic, cattle, domestic, sheep",8,3,0,0,0,,
185185,OIE,36.906886,10.048622,Africa,Tunisia,Ariana,Cité el ghazela,Centroid Admin2,2014-04-30,2014-05-13,Confirmed,Dengue,O,"domestic, cattle",319,1,0,0,1,,
184995,OIE,36.45,8.44,Africa,Tunisia,Jendouba,Kalaa,Centroid Admin2,2014-04-29,2014-05-06,Confirmed,Dengue,O,"domestic, cattle",2,1,0,0,0,,
184994,OIE,35.03,9.49,Africa,Tunisia,Sidi Bouz,Makarem,Centroid Admin2,2014-04-29,2014-05-06,Confirmed,Dengue,O,"domestic, cattle, domestic, sheep",21,2,0,0,0,,
184993,OIE,36.91,10.03,Africa,Tunisia,Ariana,National Veterinary Medicine School,Centroid Admin2,2014-04-28,2014-05-06,Confirmed,Dengue,O,"domestic, cattle, domestic, sheep",15,1,0,0,0,,
184992,OIE,35.03,9.49,Africa,Tunisia,Sidi Bouz,Lahouaz - 3,Centroid Admin2,2014-04-28,2014-05-06,Confirmed,Dengue,O,"domestic, sheep, domestic, goat",97,28,0,0,0,,
184991,OIE,35.03,9.49,Africa,Tunisia,Sidi Bouz,Lahouaz - 2,Centroid Admin2,2014-04-28,2014-05-06,Confirmed,Dengue,O,"domestic, sheep, domestic, goat",157,12,0,0,0,,
184990,OIE,35.03,9.49,Africa,Tunisia,Sidi Bouz,Lahouaz - 4,Centroid Admin2,2014-04-28,2014-05-06,Confirmed,Dengue,O,"domestic, sheep, domestic, goat",105,32,0,0,0,,
184989,OIE,35.03,9.49,Africa,Tunisia,Sidi Bouz,Lahouaz - 1,Centroid Admin2,2014-04-26,2014-05-06,Confirmed,Dengue,O,"domestic, cattle",101,2,0,0,0,,
184988,OIE,35.1,9.53,Africa,Tunisia,Sidi Bouz,Lassouda - 3,Centroid Admin2,2014-04-26,2014-05-06,Confirmed,Dengue,O,"domestic, cattle, domestic, sheep",21,2,0,0,0,,
184987,OIE,35.1,9.53,Africa,Tunisia,Sidi Bouz,Lassouda - 2,Centroid Admin2,2014-04-26,2014-05-06,Confirmed,Dengue,O,"domestic, cattle",3,1,0,0,0,,
184986,OIE,35.1,9.53,Africa,Tunisia,Sidi Bouz,Lassouda - 1,Centroid Admin2,2014-04-26,2014-05-06,Confirmed,Dengue,O,"domestic, cattle",3,2,0,0,0,,
184985,OIE,37.16,10.03,Africa,Tunisia,Bizerte,Aliaa Aliaa Sud,Centroid Admin2,2014-04-26,2014-05-06,Confirmed,Dengue,O,"domestic, cattle, domestic, sheep",470,45,0,0,0,,
184984,OIE,36.78,10.98,Africa,Tunisia,Nabeul,Raanine,Centroid Admin2,2014-04-25,2014-05-06,Confirmed,Dengue,O,"domestic, cattle",280,4,0,0,4,,
184697,National authorities,36.542706,10.78026,Africa,Tunisia,Nabeul,Es Somaa,Centroid Locality,2014-04-25,2014-04-29,Confirmed,Dengue,O,"domestic, cattle",17,2,0,0,2,0,0,,,,,,,,,,,eb,,,,,,,